/*
Navicat MySQL Data Transfer

Source Server         : wamp4mysql
Source Server Version : 50709
Source Host           : localhost:3306
Source Database       : crms3

Target Server Type    : MYSQL
Target Server Version : 50709
File Encoding         : 65001

Date: 2016-06-04 08:12:06
*/

SET FOREIGN_KEY_CHECKS=0;

-- ----------------------------
-- Table structure for `act_evt_log`
-- ----------------------------
DROP TABLE IF EXISTS `act_evt_log`;
CREATE TABLE `act_evt_log` (
  `LOG_NR_` bigint(20) NOT NULL AUTO_INCREMENT,
  `TYPE_` varchar(64) COLLATE utf8_bin DEFAULT NULL,
  `PROC_DEF_ID_` varchar(64) COLLATE utf8_bin DEFAULT NULL,
  `PROC_INST_ID_` varchar(64) COLLATE utf8_bin DEFAULT NULL,
  `EXECUTION_ID_` varchar(64) COLLATE utf8_bin DEFAULT NULL,
  `TASK_ID_` varchar(64) COLLATE utf8_bin DEFAULT NULL,
  `TIME_STAMP_` timestamp NOT NULL DEFAULT CURRENT_TIMESTAMP ON UPDATE CURRENT_TIMESTAMP,
  `USER_ID_` varchar(255) COLLATE utf8_bin DEFAULT NULL,
  `DATA_` longblob,
  `LOCK_OWNER_` varchar(255) COLLATE utf8_bin DEFAULT NULL,
  `LOCK_TIME_` timestamp NULL DEFAULT NULL,
  `IS_PROCESSED_` tinyint(4) DEFAULT '0',
  PRIMARY KEY (`LOG_NR_`)
) ENGINE=InnoDB DEFAULT CHARSET=utf8 COLLATE=utf8_bin;

-- ----------------------------
-- Records of act_evt_log
-- ----------------------------

-- ----------------------------
-- Table structure for `act_ge_bytearray`
-- ----------------------------
DROP TABLE IF EXISTS `act_ge_bytearray`;
CREATE TABLE `act_ge_bytearray` (
  `ID_` varchar(64) COLLATE utf8_bin NOT NULL DEFAULT '',
  `REV_` int(11) DEFAULT NULL,
  `NAME_` varchar(255) COLLATE utf8_bin DEFAULT NULL,
  `DEPLOYMENT_ID_` varchar(64) COLLATE utf8_bin DEFAULT NULL,
  `BYTES_` longblob,
  `GENERATED_` tinyint(4) DEFAULT NULL,
  PRIMARY KEY (`ID_`)
) ENGINE=InnoDB DEFAULT CHARSET=utf8 COLLATE=utf8_bin;

-- ----------------------------
-- Records of act_ge_bytearray
-- ----------------------------
INSERT INTO `act_ge_bytearray` VALUES
  ('67502', '1', 'D:\\IdeaWorkSpaces\\CRMS\\src\\main\\webapp\\WEB-INF\\classes\\auditing-process.bpmn', '67501',
   0x3C3F786D6C2076657273696F6E3D22312E302220656E636F64696E673D225554462D38223F3E0A3C646566696E6974696F6E7320786D6C6E733D22687474703A2F2F7777772E6F6D672E6F72672F737065632F42504D4E2F32303130303532342F4D4F44454C2220786D6C6E733A7873693D22687474703A2F2F7777772E77332E6F72672F323030312F584D4C536368656D612D696E7374616E63652220786D6C6E733A7873643D22687474703A2F2F7777772E77332E6F72672F323030312F584D4C536368656D612220786D6C6E733A61637469766974693D22687474703A2F2F61637469766974692E6F72672F62706D6E2220786D6C6E733A62706D6E64693D22687474703A2F2F7777772E6F6D672E6F72672F737065632F42504D4E2F32303130303532342F44492220786D6C6E733A6F6D6764633D22687474703A2F2F7777772E6F6D672E6F72672F737065632F44442F32303130303532342F44432220786D6C6E733A6F6D6764693D22687474703A2F2F7777772E6F6D672E6F72672F737065632F44442F32303130303532342F44492220747970654C616E67756167653D22687474703A2F2F7777772E77332E6F72672F323030312F584D4C536368656D61222065787072657373696F6E4C616E67756167653D22687474703A2F2F7777772E77332E6F72672F313939392F585061746822207461726765744E616D6573706163653D22687474703A2F2F7777772E61637469766974692E6F72672F746573746D31343631383330393532333135223E0A20203C70726F636573732069643D226175646974696E672D70726F636573732220697345786563757461626C653D2274727565223E0A202020203C73746172744576656E742069643D22737461727422206E616D653D2253746172744576656E74222061637469766974693A696E69746961746F723D226170706C79757365724964223E3C2F73746172744576656E743E0A202020203C757365725461736B2069643D22666972737476657269667922206E616D653D22E4B880E7BAA7E5AEA1E6A0B8E59198E5AEA1E689B9222061637469766974693A63616E64696461746555736572733D22247B7461736B53657276696365496D702E7365745461736B5573657273282766697273746173736573736F7227297D223E3C2F757365725461736B3E0A202020203C757365725461736B2069643D227365636F6E6476657269667922206E616D653D22E4BA8CE7BAA7E5AEA1E6A0B8E59198E5AEA1E689B9222061637469766974693A63616E64696461746555736572733D22247B7461736B53657276696365496D702E7365745461736B557365727328277365636F6E646173736573736F7227297D223E3C2F757365725461736B3E0A202020203C656E644576656E742069643D22656E6422206E616D653D22456E644576656E74223E3C2F656E644576656E743E0A202020203C6578636C7573697665476174657761792069643D225F3722206E616D653D224578636C757369766547617465776179223E3C2F6578636C7573697665476174657761793E0A202020203C6578636C7573697665476174657761792069643D225F3822206E616D653D224578636C757369766547617465776179223E3C2F6578636C7573697665476174657761793E0A202020203C6578636C7573697665476174657761792069643D225F3922206E616D653D224578636C757369766547617465776179223E3C2F6578636C7573697665476174657761793E0A202020203C757365725461736B2069643D2261646A75737422206E616D653D22E8B083E695B4E794B3E8AFB7222061637469766974693A61737369676E65653D22247B6170706C797573657249647D223E3C2F757365725461736B3E0A202020203C73657175656E6365466C6F772069643D225F31312220736F757263655265663D22737461727422207461726765745265663D226669727374766572696679223E3C2F73657175656E6365466C6F773E0A202020203C6578636C7573697665476174657761792069643D227369642D33333032323145332D323233332D344235312D423330332D433833434145363530454332223E3C2F6578636C7573697665476174657761793E0A202020203C73657175656E6365466C6F772069643D225F31322220736F757263655265663D22666972737476657269667922207461726765745265663D225F37223E3C2F73657175656E6365466C6F773E0A202020203C73657175656E6365466C6F772069643D225F31342220736F757263655265663D227365636F6E6476657269667922207461726765745265663D225F39223E3C2F73657175656E6365466C6F773E0A202020203C73657175656E6365466C6F772069643D225F313322206E616D653D22E9878DE8A6812220736F757263655265663D225F3722207461726765745265663D227365636F6E64766572696679223E0A2020202020203C636F6E646974696F6E45787072657373696F6E207873693A747970653D2274466F726D616C45787072657373696F6E223E3C215B43444154415B247B66696C65436F6E646974696F6E3D3D27696D706F7274616E74277D5D5D3E3C2F636F6E646974696F6E45787072657373696F6E3E0A202020203C2F73657175656E6365466C6F773E0A202020203C73657175656E6365466C6F772069643D225F313722206E616D653D22E699AEE9809A2220736F757263655265663D225F3722207461726765745265663D225F38223E0A2020202020203C636F6E646974696F6E45787072657373696F6E207873693A747970653D2274466F726D616C45787072657373696F6E223E3C215B43444154415B247B66696C65436F6E646974696F6E3D3D276E6F726D616C277D5D5D3E3C2F636F6E646974696F6E45787072657373696F6E3E0A202020203C2F73657175656E6365466C6F773E0A202020203C73657175656E6365466C6F772069643D225F313822206E616D653D22E68B92E7BB9D2220736F757263655265663D225F3822207461726765745265663D2261646A757374223E0A2020202020203C636F6E646974696F6E45787072657373696F6E207873693A747970653D2274466F726D616C45787072657373696F6E223E3C215B43444154415B247B7265706C793D3D276E6F277D5D5D3E3C2F636F6E646974696F6E45787072657373696F6E3E0A202020203C2F73657175656E6365466C6F773E0A202020203C73657175656E6365466C6F772069643D225F323122206E616D653D22E9809AE8BF872220736F757263655265663D225F3822207461726765745265663D22656E64223E0A2020202020203C636F6E646974696F6E45787072657373696F6E207873693A747970653D2274466F726D616C45787072657373696F6E223E3C215B43444154415B247B7265706C793D3D27796573277D5D5D3E3C2F636F6E646974696F6E45787072657373696F6E3E0A202020203C2F73657175656E6365466C6F773E0A202020203C73657175656E6365466C6F772069643D225F313522206E616D653D22E9809AE8BF872220736F757263655265663D225F3922207461726765745265663D22656E64223E0A2020202020203C636F6E646974696F6E45787072657373696F6E207873693A747970653D2274466F726D616C45787072657373696F6E223E3C215B43444154415B247B7265706C793D3D27796573277D5D5D3E3C2F636F6E646974696F6E45787072657373696F6E3E0A202020203C2F73657175656E6365466C6F773E0A202020203C73657175656E6365466C6F772069643D225F323022206E616D653D22E68B92E7BB9D2220736F757263655265663D225F3922207461726765745265663D2261646A757374223E0A2020202020203C636F6E646974696F6E45787072657373696F6E207873693A747970653D2274466F726D616C45787072657373696F6E223E3C215B43444154415B247B7265706C793D3D276E6F277D5D5D3E3C2F636F6E646974696F6E45787072657373696F6E3E0A202020203C2F73657175656E6365466C6F773E0A202020203C73657175656E6365466C6F772069643D227369642D42364334353332332D353638432D343546442D423436452D3636374443463935394230352220736F757263655265663D2261646A75737422207461726765745265663D227369642D33333032323145332D323233332D344235312D423330332D433833434145363530454332223E3C2F73657175656E6365466C6F773E0A202020203C73657175656E6365466C6F772069643D225F313922206E616D653D22E8B083E695B42220736F757263655265663D227369642D33333032323145332D323233332D344235312D423330332D43383343414536353045433222207461726765745265663D226669727374766572696679223E0A2020202020203C636F6E646974696F6E45787072657373696F6E207873693A747970653D2274466F726D616C45787072657373696F6E223E3C215B43444154415B247B616E737765723D3D27796573277D5D5D3E3C2F636F6E646974696F6E45787072657373696F6E3E0A202020203C2F73657175656E6365466C6F773E0A202020203C73657175656E6365466C6F772069643D227369642D38333933304646352D363431432D344532372D424542462D41424441304242324430413022206E616D653D22E68B92E7BB9D2220736F757263655265663D227369642D33333032323145332D323233332D344235312D423330332D43383343414536353045433222207461726765745265663D22656E64223E0A2020202020203C636F6E646974696F6E45787072657373696F6E207873693A747970653D2274466F726D616C45787072657373696F6E223E3C215B43444154415B247B616E737765723D3D276E6F277D5D5D3E3C2F636F6E646974696F6E45787072657373696F6E3E0A202020203C2F73657175656E6365466C6F773E0A20203C2F70726F636573733E0A20203C62706D6E64693A42504D4E4469616772616D2069643D2242504D4E4469616772616D5F6175646974696E672D70726F63657373223E0A202020203C62706D6E64693A42504D4E506C616E652062706D6E456C656D656E743D226175646974696E672D70726F63657373222069643D2242504D4E506C616E655F6175646974696E672D70726F63657373223E0A2020202020203C62706D6E64693A42504D4E53686170652062706D6E456C656D656E743D227374617274222069643D2242504D4E53686170655F7374617274223E0A20202020202020203C6F6D6764633A426F756E6473206865696768743D2233302E30222077696474683D2233302E302220783D223232302E37353834353738393035393534352220793D223133352E30223E3C2F6F6D6764633A426F756E64733E0A2020202020203C2F62706D6E64693A42504D4E53686170653E0A2020202020203C62706D6E64693A42504D4E53686170652062706D6E456C656D656E743D226669727374766572696679222069643D2242504D4E53686170655F6669727374766572696679223E0A20202020202020203C6F6D6764633A426F756E6473206865696768743D2235352E30222077696474683D2238352E302220783D223334362E31343535363830303733312220793D223132322E35223E3C2F6F6D6764633A426F756E64733E0A2020202020203C2F62706D6E64693A42504D4E53686170653E0A2020202020203C62706D6E64693A42504D4E53686170652062706D6E456C656D656E743D227365636F6E64766572696679222069643D2242504D4E53686170655F7365636F6E64766572696679223E0A20202020202020203C6F6D6764633A426F756E6473206865696768743D2235352E30222077696474683D2238352E302220783D223636302E302220793D223132322E35223E3C2F6F6D6764633A426F756E64733E0A2020202020203C2F62706D6E64693A42504D4E53686170653E0A2020202020203C62706D6E64693A42504D4E53686170652062706D6E456C656D656E743D22656E64222069643D2242504D4E53686170655F656E64223E0A20202020202020203C6F6D6764633A426F756E6473206865696768743D2232382E30222077696474683D2232382E302220783D22313031302E373435303538353831333435312220793D223133362E30223E3C2F6F6D6764633A426F756E64733E0A2020202020203C2F62706D6E64693A42504D4E53686170653E0A2020202020203C62706D6E64693A42504D4E53686170652062706D6E456C656D656E743D225F37222069643D2242504D4E53686170655F5F37223E0A20202020202020203C6F6D6764633A426F756E6473206865696768743D2234302E30222077696474683D2234302E302220783D223531322E323935343430363530383138372220793D223133302E30223E3C2F6F6D6764633A426F756E64733E0A2020202020203C2F62706D6E64693A42504D4E53686170653E0A2020202020203C62706D6E64693A42504D4E53686170652062706D6E456C656D656E743D225F38222069643D2242504D4E53686170655F5F38223E0A20202020202020203C6F6D6764633A426F756E6473206865696768743D2234302E30222077696474683D2234302E302220783D223531322E323935343430363530383138372220793D223232352E30223E3C2F6F6D6764633A426F756E64733E0A2020202020203C2F62706D6E64693A42504D4E53686170653E0A2020202020203C62706D6E64693A42504D4E53686170652062706D6E456C656D656E743D225F39222069643D2242504D4E53686170655F5F39223E0A20202020202020203C6F6D6764633A426F756E6473206865696768743D2234302E30222077696474683D2234302E302220783D223833302E373439333633323137353433392220793D223133302E30223E3C2F6F6D6764633A426F756E64733E0A2020202020203C2F62706D6E64693A42504D4E53686170653E0A2020202020203C62706D6E64693A42504D4E53686170652062706D6E456C656D656E743D2261646A757374222069643D2242504D4E53686170655F61646A757374223E0A20202020202020203C6F6D6764633A426F756E6473206865696768743D2235352E30222077696474683D2238342E39393939393939393939393939342220783D223438392E37393534343036353038313837362220793D223331382E3435333932323536363732353137223E3C2F6F6D6764633A426F756E64733E0A2020202020203C2F62706D6E64693A42504D4E53686170653E0A2020202020203C62706D6E64693A42504D4E53686170652062706D6E456C656D656E743D227369642D33333032323145332D323233332D344235312D423330332D433833434145363530454332222069643D2242504D4E53686170655F7369642D33333032323145332D323233332D344235312D423330332D433833434145363530454332223E0A20202020202020203C6F6D6764633A426F756E6473206865696768743D2234302E30222077696474683D2234302E302220783D223531322E323935343430363530383138372220793D223432392E3232303530343332393036343334223E3C2F6F6D6764633A426F756E64733E0A2020202020203C2F62706D6E64693A42504D4E53686170653E0A2020202020203C62706D6E64693A42504D4E456467652062706D6E456C656D656E743D225F3231222069643D2242504D4E456467655F5F3231223E0A20202020202020203C6F6D6764693A776179706F696E7420783D223535322E323935343430363530383138372220793D223234352E30223E3C2F6F6D6764693A776179706F696E743E0A20202020202020203C6F6D6764693A776179706F696E7420783D223934302E302220793D223234352E30223E3C2F6F6D6764693A776179706F696E743E0A20202020202020203C6F6D6764693A776179706F696E7420783D22313031352E343235353131383738323934322220793D223136302E3434373239383635383030393734223E3C2F6F6D6764693A776179706F696E743E0A2020202020203C2F62706D6E64693A42504D4E456467653E0A2020202020203C62706D6E64693A42504D4E456467652062706D6E456C656D656E743D225F3230222069643D2242504D4E456467655F5F3230223E0A20202020202020203C6F6D6764693A776179706F696E7420783D223835302E373439333633323137353433392220793D223137302E30223E3C2F6F6D6764693A776179706F696E743E0A20202020202020203C6F6D6764693A776179706F696E7420783D223835302E373439333633323137353433392220793D223334352E3935333932323536363732353137223E3C2F6F6D6764693A776179706F696E743E0A20202020202020203C6F6D6764693A776179706F696E7420783D223537342E373935343430363530383138372220793D223334352E3935333932323536363732353137223E3C2F6F6D6764693A776179706F696E743E0A2020202020203C2F62706D6E64693A42504D4E456467653E0A2020202020203C62706D6E64693A42504D4E456467652062706D6E456C656D656E743D225F3131222069643D2242504D4E456467655F5F3131223E0A20202020202020203C6F6D6764693A776179706F696E7420783D223235302E37353834353738393035393534352220793D223135302E30223E3C2F6F6D6764693A776179706F696E743E0A20202020202020203C6F6D6764693A776179706F696E7420783D223334362E31343535363830303733312220793D223135302E30223E3C2F6F6D6764693A776179706F696E743E0A2020202020203C2F62706D6E64693A42504D4E456467653E0A2020202020203C62706D6E64693A42504D4E456467652062706D6E456C656D656E743D225F3138222069643D2242504D4E456467655F5F3138223E0A20202020202020203C6F6D6764693A776179706F696E7420783D223533322E323935343430363530383138372220793D223236352E30223E3C2F6F6D6764693A776179706F696E743E0A20202020202020203C6F6D6764693A776179706F696E7420783D223533322E323935343430363530383138372220793D223331382E3435333932323536363732353137223E3C2F6F6D6764693A776179706F696E743E0A2020202020203C2F62706D6E64693A42504D4E456467653E0A2020202020203C62706D6E64693A42504D4E456467652062706D6E456C656D656E743D225F3139222069643D2242504D4E456467655F5F3139223E0A20202020202020203C6F6D6764693A776179706F696E7420783D223531322E323935343430363530383138372220793D223434392E3232303530343332393036343334223E3C2F6F6D6764693A776179706F696E743E0A20202020202020203C6F6D6764693A776179706F696E7420783D223338382E36343535363830303733312220793D223434392E3232303530343332393036343334223E3C2F6F6D6764693A776179706F696E743E0A20202020202020203C6F6D6764693A776179706F696E7420783D223338382E36343535363830303733312220793D223137372E35223E3C2F6F6D6764693A776179706F696E743E0A2020202020203C2F62706D6E64693A42504D4E456467653E0A2020202020203C62706D6E64693A42504D4E456467652062706D6E456C656D656E743D227369642D42364334353332332D353638432D343546442D423436452D363637444346393539423035222069643D2242504D4E456467655F7369642D42364334353332332D353638432D343546442D423436452D363637444346393539423035223E0A20202020202020203C6F6D6764693A776179706F696E7420783D223533322E323935343430363530383138372220793D223337332E3435333932323536363732353137223E3C2F6F6D6764693A776179706F696E743E0A20202020202020203C6F6D6764693A776179706F696E7420783D223533322E323935343430363530383138372220793D223432392E3232303530343332393036343334223E3C2F6F6D6764693A776179706F696E743E0A2020202020203C2F62706D6E64693A42504D4E456467653E0A2020202020203C62706D6E64693A42504D4E456467652062706D6E456C656D656E743D225F3137222069643D2242504D4E456467655F5F3137223E0A20202020202020203C6F6D6764693A776179706F696E7420783D223533322E323935343430363530383138372220793D223137302E30223E3C2F6F6D6764693A776179706F696E743E0A20202020202020203C6F6D6764693A776179706F696E7420783D223533322E323935343430363530383138372220793D223232352E30223E3C2F6F6D6764693A776179706F696E743E0A2020202020203C2F62706D6E64693A42504D4E456467653E0A2020202020203C62706D6E64693A42504D4E456467652062706D6E456C656D656E743D225F3134222069643D2242504D4E456467655F5F3134223E0A20202020202020203C6F6D6764693A776179706F696E7420783D223734352E302220793D223135302E30223E3C2F6F6D6764693A776179706F696E743E0A20202020202020203C6F6D6764693A776179706F696E7420783D223833302E373439333633323137353433392220793D223135302E30223E3C2F6F6D6764693A776179706F696E743E0A2020202020203C2F62706D6E64693A42504D4E456467653E0A2020202020203C62706D6E64693A42504D4E456467652062706D6E456C656D656E743D225F3135222069643D2242504D4E456467655F5F3135223E0A20202020202020203C6F6D6764693A776179706F696E7420783D223837302E373439333633323137353433392220793D223135302E30223E3C2F6F6D6764693A776179706F696E743E0A20202020202020203C6F6D6764693A776179706F696E7420783D22313031302E373435303538353831333435312220793D223135302E30223E3C2F6F6D6764693A776179706F696E743E0A2020202020203C2F62706D6E64693A42504D4E456467653E0A2020202020203C62706D6E64693A42504D4E456467652062706D6E456C656D656E743D227369642D38333933304646352D363431432D344532372D424542462D414244413042423244304130222069643D2242504D4E456467655F7369642D38333933304646352D363431432D344532372D424542462D414244413042423244304130223E0A20202020202020203C6F6D6764693A776179706F696E7420783D223535322E323935343430363530383138372220793D223434392E3232303530343332393036343334223E3C2F6F6D6764693A776179706F696E743E0A20202020202020203C6F6D6764693A776179706F696E7420783D22313032342E373435303538353831333435312220793D223434392E3232303530343332393036343334223E3C2F6F6D6764693A776179706F696E743E0A20202020202020203C6F6D6764693A776179706F696E7420783D22313032342E373435303538353831333435312220793D223136342E30223E3C2F6F6D6764693A776179706F696E743E0A2020202020203C2F62706D6E64693A42504D4E456467653E0A2020202020203C62706D6E64693A42504D4E456467652062706D6E456C656D656E743D225F3132222069643D2242504D4E456467655F5F3132223E0A20202020202020203C6F6D6764693A776179706F696E7420783D223433312E31343535363830303733312220793D223135302E30223E3C2F6F6D6764693A776179706F696E743E0A20202020202020203C6F6D6764693A776179706F696E7420783D223531322E323935343430363530383138372220793D223135302E30223E3C2F6F6D6764693A776179706F696E743E0A2020202020203C2F62706D6E64693A42504D4E456467653E0A2020202020203C62706D6E64693A42504D4E456467652062706D6E456C656D656E743D225F3133222069643D2242504D4E456467655F5F3133223E0A20202020202020203C6F6D6764693A776179706F696E7420783D223535322E323935343430363530383138372220793D223135302E30223E3C2F6F6D6764693A776179706F696E743E0A20202020202020203C6F6D6764693A776179706F696E7420783D223636302E302220793D223135302E30223E3C2F6F6D6764693A776179706F696E743E0A2020202020203C2F62706D6E64693A42504D4E456467653E0A202020203C2F62706D6E64693A42504D4E506C616E653E0A20203C2F62706D6E64693A42504D4E4469616772616D3E0A3C2F646566696E6974696F6E733E,
   '0');
INSERT INTO `act_ge_bytearray` VALUES
  ('67503', '1', 'D:\\IdeaWorkSpaces\\CRMS\\src\\main\\webapp\\WEB-INF\\classes\\auditing-process.auditing-process.png',
   '67501',
   0x89504E470D0A1A0A0000000D4948445200000418000001DF0806000000FA346BC200003D6A4944415478DAEDDD09985D559530EC92D6EED6B69D6D6D479CE7392ACE710E4A3022A74E9D5B99140C2822830494562915A4A1E94E0BB47C227E0AA268A382A08256988281689C98444019841849C480110282DE6F6DFE5BFE6551E3BD752AF7D479DFE7594F9DA4A6D4BA3B7BAFBDEA0C3D3D0000000000000000000000000000000000000000000000000000000000000000000000000000000000000000000000000000000000000000000000000000000000000000000000000000000000000000000000000000000000000000000000000000000000000000000000000000000000000000000000000000000000000000000000000000000000000000000000000000000000000000000000000000000000000000000000000000000000000000000000000000000000000000000000000000000000000000000000000000000000000000000000000000000000000000000000000000000000000000000000000000000000000000000000000000000000000000000000000000000000000000000000000000000000000000000000000000000000000000000000000000000000000000000000000000000000000000000000000000000000000000000000000000000000000000000000000000000000000000000000000000000000000000000000000000000000000000000000000000000000000000000000000000000000000000000000000000000000000000000000000000000000000000000000000000000000000000000000000000000000000000000000000000000000000000000000000000000000000000000000000000000000000000000000000000000000636A369BF7BEFAEAAB4F5EB366CD9FCF3AEBACE6E0E0A0682356AE5CD95CB56AD5EF22161A55609E33CF0100503BA9E83EFFFCF39B1B366C68DE71C71DA283D8B87163F3BCF3CEBB258AF09D8D2C30CF99E70000A895F41B3D45F7B416DF770C0E0E5E6E648179CE3C070040ADA4D38515CCD31B5178DF69648179CE3C070040ADA4EB6A15CBD35E78378D2C30CF99E7000050788F127FBC797DF3EAB59F6F5EB6F2E377473A4E7FA7D056788379CE3C070000932ABC376F5AD7BCF4BB1F695EF4EDE57F13E9EFD2FB14DB0A6F30CF99E7000050784F58485E7FD969F728BA87E286CB4E576C2BBCABE04152609E33CF99E7CC7B00005BB9F0BEFC9CC3C62CBCD3FB14DB0AEF2E372FA2D97A8B79CE3C679E33EF01006CADC2FBD2C181310BEFF43EC5B6C2BB8BBD216253C48AD6DB1DA4C43C679E33CF99F7000014DE0A6FDA29B2878AEBF49BBC8D8A6DF39C79CE3C67DE0300D84A8577BA9BFA5885777A9F625BE15D81227BA2BFC73C679E33CF99F70000CA2EBCAF5A7DF49885777A9F625BE1DD65E64D504C0FBDDFB5C9E639F39C79CEBC07005BD3673FFBD9E71E79E4915FFED8C73EF6EB3DF7DCF38E254B96FCA5AFAFAFB968D1A2E61E7BEC71E7C1071FBCE998638E195CBB766DD16C36EF2D63D52FBC6F5A7771F3D2EF1D74CFD386E3EFD2FB14DB0AEF2E2CB2272AA2FD46CF3C679E33CF99F7602BEAEFEF7F4C9EE7EF8B7DC4C91157456C4E7B8A882D11D7C4FB4E89B7FBA58F932D9885962F5FBEF480030E58B7D75E7BFDE5339FF94C73CD9A35CD75EBD635B76CD9D24CD2DB0D1B36347FFCE31F378F3FFEF8E6DE7BEFDD3CE8A083EE38F6D8638F91BD6A17DE29AEF9D109F728BCD3DF29B415DE5DE40D3D53FB0DDD543F1EF39C30CF99F7A04345512C88186C35129A938C73E27316CA1ECC02CB962D7BD2BEFBEE7BC57EFBEDF797D43CB8EBAEBB9A93F5B39FFDAC79E08107A6B8F5D4534F9D2F9B152DBC6FBFBD79D505C7DCF3B4E1F8BBF43EC5B6C2BB8B8AEC1DDAF8BCCD8A6DF39C79CE3C67DE8372F5F5F56D1B71C6149A0AA3C5F959963D5936A1A2F6D9679FDDDFFDEE77FFE9F4D34F9F526361A433CF3CB3B9FBEEBB374F38E1841365B55A85F7E64DEB9A57AE3E6ACC6B93D3FBD2C728B815DE152CB2A7EBF331CF99E730EFC138F23CEF0B1B87370BFAFBFB9B871E7A68F3ECB3CF6EFEFAD7BF6EFEE10F7FB87BDF70EBADB7DE7D96F4EAD5AB9B2B56ACB8FB32ECE19F5714C51F9DCD001574E081072E7DEF7BDFFBA72BAFBCB2391DAEBDF6DAE69E7BEED9FCE217BFF82DD9AD40E17DFBEDCDF5579DDDBCE4CC03C72CBA87227D4CFA58BFE553786F0513DDD86CA6BF0EE639F31CE63DF8DBE6C20E7D7D7D770E6F2C9C78E289775F5A3D199B366DBAFBE3D3E78D6834EC2ABB50114B972E5DF49EF7BCE78EC9FEC79FACF4F55293E1B39FFDEC6764B97B0BEF897E9BE7B77C0AEF2E2BB2A7EB345FBFD133CF99E7CC73E63D98DEE642DFF0E6C2BEFBEE7BF7D90AED489FB77CF9F2914D06673240B74BD747BDF39DEFFCE3749DB930DA990CBBEDB6DB5F8E3BEEB8D7CB767716DE93F96DDE78BFE553782BBC67C0C81B95DD2B6249EBED548CFC3C374033CF99E7CC73E63D98A63DC5F0CB220E3AE8A0BF5E06D1AE74F9C421871C32F27289A7CB3674B15D77DDF507A79D76DA9F9B254AF764D87FFFFD37C9767716DEED16DD43A1F05678CF5091BDC3B062F97311CDD6DBC916DB637D9E62DB3C679E33CF99F7A043AD2745FCF5CC854E9B0BC39B0C23CE64385FB6A17B278205EF7FFFFB37FFE94F7F6A96ED80030E681E71C41187C87AF715DE42E15DA1223B59D22A969B5328B68717D943B178D8FB5D9B6C9E13E639F31E74B0A7187ECF85762F8B18EF7289E1F76470A90474A965CB96AD4D8FA29C09175F7C71F3831FFCE02DB2AEF0567833496315BFA315CDE315DBA37DFC71A37CBC6B93CD73C23C67DE83F61A0C7F3D7B21DDA0B10C279D7492B318A09BF5F7F73FE6DDEF7EF72D9D3C8E72AAF6DE7BEFE697BFFCE557CA7E39137BC484B955782BBCBB715C8E5364CF9B42F13C5AB13DD9227B64B1EDB461F39C30CFCDF4DC67DEA392E339ED29866EEC98CE32B8E9A69B4AD947A4A74B8C7884E5B65E1DE822799EBFEFE8A38FBEA939835247F3B0C30E3B51F6A7DFB053C606E3B5DD4EE1ADF0AED2B86CB3D89DA8D89E6A913DFCFB6FECF11B3DF39C30CFCDDCDC67DEA3B2E339ED29863EE6F0C30F2F752FB162C58AE10D86FDBC3AD045962C5972DA9A356B66B2BFD04C97637CE8431FBA46F6CB9BFC87C519A3759B15DE0AEF6E1C97A314D9932D72C72AB6B769B3C81EE2DA64F39C30CFCDD4DC67DEA3D2E339FE7CF2D0FBCE3DF7DC52F712AB57AF1EFEEF38DDAB035D64E1C285D7AE5FBF7E461B0C1B366C68EEBAEBAEB7CAFE8C4CFE7FED360F5F0414DE0AEF6E1C976D16D9E315DB5774506477FAEFC13C679E3356273BF799F7A8FC788EE3AB86FE6EBA6FEE38D2BA75EB86FF1BAEF7EA401769341AB76DD9B265461B0CE9FB2D5CB8F0CFB23F7393FFF06E733AAD4DE1ADF0EEC671D9D3F96FCE462BB63B29B24716DBAE4D36CF99E798D6B1BAEDB6DBEE6DDE63968CE7BB868EA7EBD194E33DB272D8F7DDE2D5812E9B2CB686494C52A2C450784F7F18579DC54E3BED345410AFE8705A4BA7078FFC0DDE15ADBFEFC40AAF53F5C2DC649EABC2BCF7B4A73DADD9ADF35EFA5A5E2B31D598E9BD841D1D749146A371EBD63883A1BFBFFF2ED99FD1EEF2DA3CCF77983B77EEBDD3C76930F8CD5E378ECB9E89EF9EDEC96FF226F3BC78BFC933CF09F3DC4C8F55F31EB3623C476C760603901E2973F5D6B807C32EBBECB259F66764F21FB981EB51782BBCBB755C0E2B6AD3FC50C6B5C8ED14DBAE4536CF09F35CD9739F798FCA8F67F7600086268B93CF3BEFBCEB66FA29127BEEB9E78F65BFD4C9FFC2A228168CB18153782BBCBB725C8E52DC4EF63767633D926DB4BBA94FA5D8763775F39C30CFCDD4DC67DEA3D2E3D9532480BBA567D61E7AE8A197CC6483E1C4134F4C0D864364BF94C97FBCDF0C2BBC15DE5D3D2EC728B6272A72277ADEFB44CF8B1FCB9C1ECF8337CF09F3DCCCCE7DE63D2A3B9ED39E6268D37FF8E18797BA9758B162C5F006C37E5E1DE822FDFDFD8F59BC78F1FABBEEBA6BC61A0C7BECB1C796980CB695FDAD47E1ADF0AE88897E93365191DDD366B13D74BAF2022F81794E98E7CC7B30B93D45D4F777A64D7F1C376FBAE9A652F6119B366D6A2E5AB4687883C19E02BA4D7A7EEDAA55AB2E9E89E6C2C5175FDCDC75D75D2F917585B7C29B491AEB377A932DB2A75A6C0F7D3F45B6794E98E7CC7B30C53DC5D0C63F9DB15C86934E3A697873E17C5987EE9C0C162C59B2E49777DD75D79D653718F6DD77DF5BE2FB2D947585B7C29B2948BFD11B79DAEE929EA93FEF7DB4627BF188EFE3DA63F39C30CF99F7A0CD3DC5D0E63F9DC530DD377B4C5F2F7DDDA1EF614F015D2CFE939E73ECB1C7967A4796EF7CE73BB72F5EBC78ED14AFC346E1ADF06678113C6F94A279324576CF049FE7916CE639619E33EFC134EC29861A00FBECB3CF5FA6EB9195E9D194CB972FFF9BB317EC29A0BB27836D8BA2F8EDA5975EFAAB329A0BD75E7B6D73C9922537C7F778BA6C2BBC15DEB469E469C3A9485EDC33F547B08DFCBC4E9F438F79CE3C87790F5A7B8A888D438D808F7EF4A3CD4E9B0CA9B970C821870C6F2E6CB6A7800AC8F3BCAFBFBFFFFAF5EBD75F3B9DCD850D1B363477D965974D4E6352782BBC29A1D8EED468A721639E13E639F31EB4DF64581AF1E7A186C05E7BEDF597762F97489F37E2CC05974640D5268446A3F1EB4B2EB9E4E7D374E6C25DEF7AD7BB6ECAF3FC83B2ABF05678D365C5F67417ED98E7CC7398F7A8F33E229DBD301071FDF086C0D03D19D28D1FD3532026FBB4887443C7E1F75C48614F011594CE6448A7367DFAD39F3EF3AEBBEEDAD26E73E1D4534FFDCDC2850B7F979A16B2AAF0567833CD3A3DBDD7E9C1E639619E33EF4187D27D10D2190551EF9F31F498CA61CD80B323368D6C341C7EF8E1CD73CF3DF7EEB313862E9F489741AC5BB7AEB97AF5EAE691471ED95CBA746973449362B33D055458EB9E0C8331095C1E13C059F1FF7ED24F98F8E94F7F7AD3EEBBEFFECBF81ADF777D94C25BE1CD0C14DB53FD4D9C1B9B99E78479CEBC071D883DC263A2CEDF3BEAFDCB479EADD0BA8CE1CF59963D72684F31DAC74C21CEB7A780D9D368D8394D0AE9B2890F7FF8C3E7457171FE0D37DC70ED6DB7DDF6BBD44CD8B265CB9DBFFDED6FD7AF59B3E6CA238E38E2874B972E5D171FBF3A7518DDD955E1ADF066064CF5745FA7079BE78479CEBC071D887AFF4151EB5F32415360ED687B8A9167394CD458B0A780596A5897F2E4886B22B6B4FEE36F695D67757AC47EA94B295B0A6F85375D5A6CCF89D81CB140CACC73C23C67DE83CEF606E33519F23C5F31C53D45D39E0240E12D14DEDD625EAB889E37CEFB372AB2CD73C23C67DE83E9B174E9D27F6CDD7B61B406C3A4CE98898FDB6EE8AC86A2285CC203A0F0160AEFAE31D66FF49C1E6C9E13E639F31E94205DBED0D7D7F7DD110D862DA9F930C906C329635D560180C25BE14DB715DB8A6CF39C30CF99F7A0247D7D7D73236E4C97440CBBBFC23993FCDC39A33C79C2B80550780B85775716DB2B14D9E639619E33EF4139F23C7F766A2EA42643FA7351140B5AF754D86F920D86D347BB39A49B3A0228BC15DE0AEF6E332F152A3D1EC9669E13E6B91ACD7B11CDD6DC07A5CAB2ECD131D6AECBF3BC6F44D360EE641E2939DAD90BC31E71E9BE21000A6F85B791D55D14D9E639739379AE861E1C73DF5FA48132F5F7F73F20C6D945799E2FEF608D3E639CC7535E28CB000A6F85371A0C98E7CC736C455996FD5DCC7D77C9046559B66CD97D628CAD8C38AA83F579CCB317DC8B0140E12D14DE1A0C98E7CC737481D61DFDEF94094A5C5B4F484F7E181818D8A683AF71FA78CD054F9400A898B3CE3A4BB13CBDB1250A6F059D0603E639F31C5B5596657F1F73DF1D324149EBEA211117C438BBEF348FDBFBC6D7BD4D86012A6AD5AA55EB376CD8A0609EA658B76EDD57A2F0BEDCC8D260C03C679E636BDA7EFBEDFF21E6BEDB6582E95614C56E31B6AE58BC78F143A7FB6BCF9F3FFF7EF1B56F9565808A3AFBECB3DF76EEB9E7DE7CE38D37DEA670EEEC377AA9E85EB972E575113B1B591A0C98E7CC736C4D7E134C19D2FD10625CFDA6D1683CB18CAFBF68D1A27F8AAFFF479906A8B0281477181C1C5C9B4E794DD7D58AB622E5EE7245B70603E639F31CDDC06F8229A1B9F0E218531BD2DBB2BE8706030033B5419C6393880603808D1A332FCFF327A5331722DE5AE6F7C9B2ECFEF13D36CB3800656F10EFBECB70BA2BB66CD0C6F8D160006A65C71D77FCE7A228FE2013742AC6D1C3621DBD326299710B40E5E579BEDDD0339263D19927234C9506035037FDFDFD0F88B9EF1699A013AD7B795C18F5D7C1C62D00B3427AC6B26721D3090D06A06E962E5DFAA0583F37C904ED1A1818D826D56045511C3F53DF33CBB207C69A7DB3EC0350D6C670CED0D90B4391EE602C334C711C693000B5D268341E1C73DFEF65820ED6CEA38BA2185CB66CD97D66EA7B6A8C0150F6E276FAF0E6C2D0590CEEC5C014C7910603502B8B172F7E68CC7DBF9309DA5114C5FE317E7E962E5998C9EFAB310640999BC27B9CBD3014B1F02D9021A63096341880BA6D10D38DF936CA046D8C9D22C6CEB5118F9AE9EF9D65D943E2FBDEE45500A08C4DE119A335175A71A10C3185B1A4C100D4CAA2458BFE25E6BE1B658229AE9773D3B8298AE2595BE3FB3BF30680B216B831CF5E702F06DA184F1A0C40ADC406F11131F7FD562698ACA8AB9E9D9A0BA9C9B015C7AD336F0028654378FA78CD054F94608AE3498301A895850B17FE6BCC7DBF91092623CBB247C778B92ECFF3BEADF9EFD0600060A616BEF41CE6DB648276683000359CF71E15B14E269848BA91638C958BF23C5FDE05F5DEC3E3DFB2C1AB0240A9E6CF9F7FBF58706E9509DA2CB4351880BA6D1A1F1373DFF532C178D22328639CAC8C38AA1BFE3DEE1D02C04C2D38FF140BCE1F658276683000359CF71E1BF16B9960827172429EE7A70C0C0C6CD30DFF1EF70E016046645976FF587036CB046D16501A0C40DDD6CDC7A56BEA658271D6C643222E4897A176D1B87D64FC9BD67B750028D58E3BEEF8CF4551FC412668B388D26000EA36EF6D1B718D4C309AA8A9768BF171457A2C6437FDBBDC9C148019D1BA01D12D32419B85B60603502B59963D21E6BEAB658291D263BED326BED1683CB10BD76B37270560460AA507C68273B34CD066C1A2C100D46D13F9A498FB7E29138C18172F4E4F69486FBBB4DE4B8FCBBCC12B0540A9962E5DFAA0580C37C904EDD06000EA26366A4F8EB9EF2A996048ABE9F49B88B776EBBFD1D34F0098118D46E3C1B1E0FC5E266887060350C3CDE453D335F632415214C5C3623C5C19B1ACCBD76B4F3F01A07C59963D24169C9B6482360B160D06A06EEBE6D36253F90B99203D2522D6C10B633C1C5C81F55A830180F2A5BB1CC782F33B99A0CD82458301A8953CCF9F1173DFCF65A2DE060606B689B1704A5114C757E1DFEBF1AA00CC88D6A97D1B65827668300075131BB567C6DA79994CD47EFD3B3AC6C1E0B265CBEE53857F6FA3D1787CFC9BAFF5CA015076A1F4F074D76399A0CD024B8301A8953CCF9F1D73DF2532515F4551EC1F63E067E951DF155AAFB78DB8C6AB0740A93418E8B060D160006A253695CFC9F3FC6299A8A722A43301221E55B17AEF09F16FBEDA2B0840A9162D5AF42FB1E0DC2813B4438301A89B3CCF9F977E7B2D13B55CF3E6A69AA9288A6755EDDFDE68349E18FFF65F79150128552C928F8805E7B732419BC5960603502BB1517B7E9EE73F95897A695D1A73636A3254F4DFFFA4F8B7FFD22B0940A9B22C7B642C38EB658276683000359CF75E10F11399A855ADF4E8F40486D8A4F755F8677872FC0C5779350128D5C2850BFF35169CDFC8046D16DA1A0C40AD341A8D17C5DCF72399A8877423C778BD2FCAF37C79C5C7ED53E2E7B8D22B0A40D91BC44745AC9309DA1C3F1A0C40DDE6BD39116B6562F64B8FA08CD77A65C45155FF593418009811ADD3FE6E9009DA2CB43518805A898DDA4B62EEFB814CD4628D3B21CFF353060606B6A9FACF123FC753E3E7B9C2AB0A40A9FAFBFB1F130BCEF532419BC597060350B779EFA5116B6462D6BFCE87445C9065D97D67C3CF133FC7D38AA2F885571680B217D0C746FC5A266873FC683000B5129BB497A58DA74CCCEAD778B7F4DBFEC58B173F7416FD4C4F8F9FE972AF2E00A5CAB2EC71E9CEC832413B3418801ACE7B2F8F582D13B3539EE73BA49B5F371A8D27CEB29FEB19F173FDDC2B0C40A962017D7C2C38D7CA046D16DA1A0C40AD1445F1CA98FBCE9789D92736E12F8ED776437A3BDB7EB62CCB9E1963F732AF3200656F10B78DB846266873FC683000759BF75E15B14A2666973CCF9F94CE5C8878EB6CFCF98AA27856FC6C977AA501285596654F8805E76A99A0CD425B8301A895D8A8BD26E6BE73656256BDA60F4B8F708C58365B7FC63CCF9F1D3FDF255E6D004A95AE318C05E75732413B3418801ACE7B7323CE9189D9213D25225ECF0B8BA2387836FF9CFDFDFDCFC9F3FC62AF3800A56A9D12F84B99601245F5E9A9A13041AC952960368B8DE8EB62AE3B4B26AA6F6060609BA8834E89D7F4F81A8CDBE7C6B8BDC8AB0E40A9B22C7B722C3857C9041389713227E2CEF11A0CE9EEDB3205CCF2B9F0F5112B656256BC9647C7C67B70D9B265F799ED3FAB06030033A2D1683C255D7728134CB2183B639C06C38573E7CEBDB72C01B37CA3F6C698EFBE2713957F1DF78FD7F167FDFDFD0FA8C3CF9BE7F9F3D2CFEB9507A0EC05E7A9B1E05C21134C46EB2C86511B0C51AC2D9021A006EBE69B62CEFBAE4C5457AC57457A4477C4A3EAF233371A8DE7C7D8FDA9571F80B20B250D06A6648C7B31AC75F60250938DDA9B63ED3C53262ABB86A59B74DE981EDB58B39FFB05113F310200285596654F8B45F61732C1148A947BDC8BC1BD1780BA88F96EFB98F7BE2313957CEDD2A31A6F4C4D861AFEEC2F8C9FFBC7460100A52A8AE2E9B1E05C2E134CB15039C5D90B401D351A8DB7C41CF86D99A8962CCB1E1DEBD575F1DAF5D574DCBE287EFE1F19090094BD517C462C383F9709A6386EB61B76EF85793202D468FEDB215D2A2613D5916EE4989EA010AFDDF2BAE6A075F6A147490350AE2CCB9E191BC4CB6482368A95BBEFC5E0EC05A04E62CD9C1F1BD5D364A21AD22328D36345238EAA731E62CCBE3872F043230280B20BA567C58273A94C3055E9B7213BEDB4535326809A6DD4DE16F3DFA9325199B5EA847459DFC0C0C03675CE43A3D17849E4E20746040065174AE9864797C8046D489746345B6F016A213D92376D5865A2FB457D7348C4055996DD572EFA5E1AB1C6A800A054FDFDFDCF8942E96299608ADE10B1296245EBADA74800B5106BE64EB151FBBA4C74B7A228764B8FE15EBC78F1436543830180995B809F9B6E7C24134CC1507361A8A990CE60D8D8A3C900D463DD7C479EE75F9389EED5BA11E76F1A8DC61365E3AF39493767BE502600287BC1795E2C383F93092669647361A2BF07986DEB665614C5FFCA44D7BE3EE966861BD25BD9F8FFC5987D59BA5C4426002855A3D1787E2CC23F950926219DA9305E1361E8FDEEC900CCE68D5A6F6CD4BE2A13DD27EA9927A5331722DE2A1B7F2B72F2F288D5320140D90BCE0B227E22134C60B2CD03673200B37D13DB5714C54932D15DE2357958D43357462C938D7BEAEDED7D45E4E6FB320140D985D20B63C1F9B14C3089A6C1BC923E1EA04A1BD922D6CD2FCB44F7484F8948F7178897E660D91873DCBE327274BE4C0050AA46A3F1A258707E24134CD02CD8A18DCFDBDCA3C900CC32B1663622BE2413DD616060609BF4D8D0D8401F2F1BE38EDB5745AC920900CA5E70E644AC9509C668127472B983CB2580592736B20B63DDFCA24C744D1D7374BC2683CB962DBB8F6C8CADB7B7F7D591A7F364028052B5EEB6FC43996084896EE838D35F07A05B36B48B224E9089AD2F36CCFBA72761F5F7F73F403626CCD56B2257E7CA0400A56A341A2F8905E70732C1284D81E9BABCC1990CC06CDAA82D8975F30B32B1D55F87742F8C6B231E251B138B3CCD8D38472600287BC17969C41A9960443360A8B970AF8825ADB75331F2F3DCF811982DEBE6D288CFCBC456DF2CDF5814C5B364634A39D36000A0F4054783819E114D801D8635093E17D16CBD9D6C9361ACCFD3640066C3BAF9AE88CFC9C4D691E7F9B35373216D986563F27A7B7B5F5B14C5D9320140D90BF576E9D14E32517BA35DC6B0A4D52468F64CBEC930BCB930148B87BDDF3D1980AA37187689384E26665E96658F8EDC5F17B54B9F6C4C4D5114AF8BDC9D25130094BDE0BC2C169C0B64A2D6C6DAF48FD62C18AFC930DAC71F37CAC7BB270350E506C3BB238E958999956EE41879BF28CFF3E5B2D1D6B87D7DC44A9900A0EC05E7E511AB65A2F6CD857953681A8CD664986C73616493C1E51240D5D6CD65119F918999931E419936C71147C9467B7A7B7BDF901EE729130094BDE0BC2216ECEFCB442D4D76933F519361AACD85E1DF7F638F3319806A3518768F3846266634E727E4797ECAC0C0C036B2D19EA228DE1879FC9E4C0050F682F3CA5870CE9789DA361726BBB91FABC9B04D9BCD8521EEC900544A6C74DF13EBE6A76562C69A0B87A44B39B32CBBAF6C74346EDF1479FCAE4C0050F6C2FDAA885532A1B9D06693E18A0E9A0B9DFE7B00B6C6BAB947C4D13251BEA228768B5C5FB178F1E287CA46671A8DC69BF33C3F53260028556F6FEFAB63013F4F266AA3D33306466B3274D25C18E29E0C4025C426ED7DEE05302379DE21F2FC9BD8183F51363A17B5DEBCC8E719320140D90BCE6B62C13957266AE141AD46C08A0EBF4EBA2C62E4990B57B4FEBE132B622C368510428814799EBFD8D23D6D0D9BED23A7DF9109004A158BCDDC887364A236267A6AC444C63B8361BC47584EC4190C4055366A7B1545F1DF3251AEF9F3E7DF4F16A675DC6A300050BEDEDEDED746A174B64CD44ADACC6FEE29E71E0CED3419DC8301A88C5833F78ECDDA0A99A04A1A8DC65B62DC7E5B260028BB507A5D5F5FDF5932513B533D6360AC47518EF61489A934193C4502A894D8A4ED1B6BE77FCA045512B5DE5B23BE25130094BDE0BC3E62A54CD4D264CF1C18ABB970AF71DE3F9926C39C888D3D9A0B40851445F1813CCF8F9009AAA475D3CCD365028052F5F6F6BE218AA54199A8AD89CE2098A8B930DEC78DD76418BA4C63819700A8D8466D79AC9B87CB04551263767E8CDDD3640280B2179C37F6F5F57D4F266A6DAC331926DB5C18EFE3476B320C7D3FCD05A08AEBE6FEB1513B4C26A892A8F5768CF8A64C0050AA2892DE140BCE7765A2F6D2990C232F5758D233F9E6C290D19A0C8B477C1FF75C00AABC6E7EB0288A4365828A8DDBB745BD77AA4C0050AA46A3F1E65874CE94097AEEF908CBE1CD82C934177A26F83C8FA2042AAF288A0FC546ED933241C5C6ED82A8F74E910900CA5E70E645A174864C30A209B0C3B066C1E29EA93F7A72E4E78D6C5E0054526CD2FE2DD6CE8365822A895AEFED11DF9009004AA5C1C02826FB7489C91AEDF20B80AA6ED43E1CF10999A062E356830180F2E579BE7D2C38DF91094698AE26C374372B00B6F6BAF9D1A2283E2613546CDCEE14F5DED765028052351A8DB7C4A2F36D9960149D5ED6E0B20860D6894DDA4111033241951445F18EA8F7BE261300945D28BD35E25B32C1044D82A99E81E0868EC06C5D370752934126A8D8B8DD39E2649900A054799EEF100BCEE932C138A67A9983CB2280D9BC51FB78C44764828AD57B595114FF2B1300942A169BF9B1E89C26134C60B24D8339119B23164819301BA51B3CA61B3DCA0415ABF77A63DC7E55260028BB50DA31E29B32C124A4CB1D36F78C7DD9C3D0D322341780D9BC6E1E1271A04C50B1719B477C45260028559EE76F8B05E754996092C63A93C16511405D366A9F2C8AE2433241C5EABDBE18B727C90400A58AC566412C3AA7C8045330B299A0B900D4465F5FDFBF471C201354ACDE2B62DC7E59260028BB507A7BC4376482291A6A2AACE8D15C006A24CFF3C362AFB6BF4C50B17AAF11F1259900A0EC4269A75870BE2E13B4615E8C9D668F475102F5DAA8FD47C47E3241C5C6AD060300E52B8AE21D799E7F4D2668B36069CA025027B1661E116BE70764828A8DDBFE18B727CA0400656F10778E3859266873FC683000759BF7FE2B621F99A04A8AA25818E3F68B320140A9F23CCF62D1F95F99A0CD425B8301A8DBBAB922D6CDBD65828AADD78B224E9009004A1545526F2C385F9509DA2C58341880BACD7B9F8A78BF4C5025799E2F8E9AEF789900A0EC42298FF88A4CD0E6F8D16000EAB6513B32366A7BCA045512637649ACD95F900900CA2E94FA62D13949266887060350C379EFE8883D64828A8DDBA5119F9709004A55845870BE2C13B459B0683000B592E7F9FFC4D2F95E99A062E3F69D316EFFAF4C00502A0D063AA1C100D470DEFB746CD6DE2313546CDCBE2BE273320140D90B4E23E24B32419BE3478301A8953CCFFF4F5114BBC904155BAF7789384E260028BB50EA8F42E94499A0CD82458301A8DBBCF79988653241C5C6AD060300E52B8A62612C385F9409DA2C583418805AC9F3FCB3B176EE2A1354ACDEDB358D5D9900A0EC0DE2A28813648236C78F060350B779EFB8F4DB6099A062E3F6DD11C7CA0400A5CAF37C715114C7CB046D162C1A0C40ADA43BF1A73BF2CB04155BAF97A5CB7B640280B20BA525B1E07C412668B360D16000EA36EF7D3E62A94C50B17A6FB77483529900A0EC4269692A96648236C78F060350B78DDAF1E9EC3F99A062EBF5EE11C7C80400A54AA779A6D33D6582360B160D06A06EF3DE09E9FE453241C5EABDF7C4B8FDB44C005076A1F4AE88CFC9046D8E1F0D06A056D2A39DD3239E65828A8DDBF7C6B8FD1F9900A0EC0DA2E722D3C9F8D16000EA36EF7D29A22113546CDCEE1171B44C00502ACF45A6C382458301A8DBBA7952AC9B7D324195C4987D5FACD947C90400656F103D17994EC68F060350B779EF2B11B94C50251A0C00CC54A1E4B9C874327E341880BACD7B5F2D8AA25726A89218B37BE6797EA44C0050F682E3B9C87452686B3000759BF74E8ED85926A8D8B87D7FC4A7640280B2171CCF45A693F1A3C100D44A9EE75F2B8AE21D3241C5C6ED5E316EFF5B2600287BC1F15C64DAA6C100D470DEFB46C4DB65822A298A62EFA8F956C80400652F389E8B4C2785B60603502BB1669E126BE70299A062EBF53E11FF25130094BDE0782E329D8C1F0D06A06EF3DE3723769409AA24CFF37D8BA2F84F9900A0EC424983814EC68F060350B78DDA69B1519B2F1354498CD90FC4D83D42260028BB50F25C64DAA6C100D470DEFB56C45B65828A8DDBFD22FE4326002895E722D361C1A2C100D44AAC99DF6E341A6F91092A366E9747CD77B84C0050F606D17391E964FC683000759BF7CE888DDA3C99A04A34180098A905C77391E9A4D0D66000EAB66E9ED96834DE2C135449D47AFBC7D83D4C2600287BC1F15C64DAA6C100D470DEFB5EAC9D6F94092A366E0F88F8779900A0EC05C77391E964FC683000B55214C5606F6FEF1B64822AC9F3FC8331760F950900CA5E703C1799B6693000359CF75646BC5E26A892A8F53E14E3F693320140D90B8EE722D349A1ADC100D46DDD3CBBB7B7F7B53241C5D6EB03230E910900CA5E703C17994EC68F060350B779EF9C88B9324195E479FE6F45511C2C130094BDE0786C119D14DA1A0C40ADC49A795E6F6FEFAB65828AADD71F8EF8844C005076A1E4B1457452B0683000759BF75645BC4A26A8D8B8FD48C4C7650280B2171C8F2DA293F1A3C100D46DDEFB7E6F6FEF2B64822AC9F3FCA345517C4C2600287BC1F1D8223A29B4351880BACD7BAB235E2E1354ACDED36000A07C1E5B448785B6060350B779EFC2D8AC6D2713546CDC1E143120130094BDE0786C119D8C1F0D06A06EF3DE9A8897CA04151BB703A9C920130094CA638B984271727A6A284C106B650A98E573E10F63ED7CB14C5025E9F2887499844C005076A1E4B1454C76ACCC89B873BC0643142F3BC81430CBE7C2B5693E94092A366E3F9E9E2421130094BDE068303095F172C6380D860BE7CE9D7B6F590266F93CF8E33CCF5F2813546CDC7E22D57C320140D90B8EE7223395F13267AC064351140B6408A8C13CF8938817C80455922E874D97C5CA0400A5F2D822DA28AE47BB17C35A672F003559377FDA68349E2F13546CED3E24DDD85B2600287BC1F1D822A63A66EE712F06F75E006A34075E5414C57365828A8DDB4FA64793CB0400652F381E5BC494E5797E8AB317809ACE7F17F7F7F73F4726A858BDA7C10040F93CB688360BECED86DD7B619E8C0035DAA85D1AF3DEB364828AD57B87C6DAFD419900A0EC42C9638B6877ECDC7D2F06672F0035DBA85D9665D93365828AADD9FF1E71804C0050F682E3B145B43B76EE7EA2844C00359BFB2E2F8AE2E9324195E4797E588CDBFD65028052796C51F769369BF7BEFAEAAB4F5EB366CD9FCF3AEBACE6E0E0A09862AC5CB9B2B96AD5AADF452C34A280695E377F9165D9D364828A8DDBC3A3DE5B2E130094CA638BBA4F6A2E9C7FFEF9CD0D1B3634EFB8E30ED1666CDCB8B179DE79E7DDB272E5CA9D8D2A601AD7CD2B1B8DC65364828A8DDBFF88D84F2600287BC17157E12E93CE5CD05C98B626C31D838383971B55C034AE9B576559F66499A04AF23C3F22EABD0FC80400A57257E1EE932E8BD01C98BE181C1CBCD3A802A6B1C1F0AB46A3F14499A062F5DE7F46BDB7AF4C005076A1E4AEC25D26DD434063605A1B0C6E44094CE7BA797596654F90092A366EFF2B621F9900A054EE2A5CDD06C31F6F5EDFBC7AEDE79B97ADFCF8DD918ED3DF692A683000A56ED4AE6D341A8F97092A56EFAD887A6F6F9900A054EE2A5CCD06C3E64DEB9A977EF723CD8BBEBDFC6F22FD5D7A9FC6820603505A83E1BA2CCB1E2713683000C03D0B257715AE6083E1FACB4EBB477361286EB8EC748D050D06A0BC75F3FA88C7CA04555214C57FE779BE974C00502A7715AE6683E1F2730E1BB3C190DEA7B1A0C10094D660B821CBB247CB04151BB79F8A78BF4C00502A7715AE6683E1D2C181311B0CE97D1A0B1A0C40691BB575118F9209AA246ABD23A3E6DB532600D060D060D060D06000BAA7C1B03ECBB247CA04151BB74745BDF73E9900A0EC05C7638B2AD860484F8D18ABC190DEA7B1A0C10094B66EFEB6288A47C804151BB74747EC21130094CA5D85ABD960B86AF5D1633618D2FB3416341880D2366A1BB22C7BB84C50B17AEF7FA2DE7BAF4C00502A7715AE6683E1A67517372FFDDE41F7BC3C22FE2EBD4F6341830128ADC1B031D6CE87C904151BB79F8E7AEF3D320140D90B8EBB0A57B0C190E29A1F9D708F0643FA3B4D050D06A0D475F3A62CCB1E2213546CDC1E13B1BB4C00502A7715AE6883E1F6DB9B575D70CC3D2F8F88BF4BEFD358D060004ADBA8FDBED1683C5826A858BDF77FA2DEDB4D260028BB507257E18A3518366F5AD7BC72F55163DE8321BD2F7D8CE682060350CABA797396650F9409341800E09E8592BB0A57A5C170FBEDCDF5579DDDBCE4CC03C76C2E0C45FA98F4B1CE66D06000A67DDDBCA5BFBFFF013241C5C6ED672296C90400A57257E16A3418263A6BC1D90C1A0CC08C6DD4366759767F99A062E3F6D88877CB0400652F38EE2A5C8106C364CE5A18EF6C060D0680695B37FFB868D1A27F9209AA246ABDCF1645B1AB4C005076A1E4AEC2156830B4DB5C180A0D0680695B376FCBB2ECBE3241C5C6ED7111BBC80400A572D39F6A3418840603D0351BB52D4B972EFD4799A062E3F67311EF920900CA5E70DCF4478341830160F2EBE6EDDB6FBFFD3FC804555214C5FFCDF3FC9D320140D985929BFE68306830FC7FFF17E644F1758A11084C3057FC69D9B265F791092A366E3F1FB154260028959BFE6830D4BDC1901A0B11A747DC19E16C0760A28DDA9D73E7CEBDB74C50B171FB85A8F796C80400652F386EFAA3C150CB06C3C8C6C2501881C004EBE69F070606B69109AAA4288AE3F33C5F2C1300945D28B9E98F0643AD1A0C51606D972E8518D958D0600026B96EFE25DEDC4B26D06000807B2E386EFAA3C1508B06C358672C8C8CF4F8B9F9F3E7DF2F3DE73E8EEFBFE38E3BFE737F7FFF03E2F8814B972E7D50A3D178708AF8F343162F5EFCD0F83FF4B0387E787CFCBFC4F123E2F8910B172EFCD7F85A8F8AE347C7E73E268E1F1BC78F4B119FFBF8F8F3B671FC84387E62FCFF7B521C3F398E9F12C74F8DE3A7C5D7797A1C3F238E9F19C7CF8AE367A788AFF59CF8F373E3F879F1F1CF8FAFF382387E611CBFA8750F8917C7F14BE2F8A5A991121FFBB214F1E797F7F6F6BE228E5F19C7AF8AE357C7F16BE2786E1CBF368E5F17C7AF8FE337C4F11BE373DF145FE7CD29E2CFF3E2CFDBC7F15BE263DE1AC73BC4DFCD8FE31DE3F86D71BC208EDF1EC73BC5F13BE278E714F1E72CFEDC1BC77198F7C57111C78D38EE8FC38571BC2815BBE994DD745D709A8752B3B315BBA44BB7D2FD61D24D68D3936ED2E374E363DE13C7EF8DE33DE2F87D71BC671CBF3F8EF74A117FDE3BFEBC4F1CEF1BC71F88E3FDE278791CEF1FC707C4F107E3F843717C601CFF5BBCFD702B3E127FFE68BC3D2862203EE663F1F6E3119F88E383E3ED21119F8CE343E3EDBFC7C71E16C787A7883FFF47FCF98838FECF38FEAF385E11C7FF1DC79F8AE323E3ED511147C7F1FFC4DB4FB71E0D7C4C7A824FEB26BBC7A64BD55A67937D2ECDC9AD6BA5D3E9CCC7C7DB1322BE18C727C6DB2FB5E2CBF1E793E2ED5722BE1AC7FF1B6F4F8EAFF3B578FBF5886FB49A68A7467C338E4F4BD11AFFDF8AE36FC7DBEF449C11C767C6DBEF467C2FBECE60BC5D1971561C9F1D6FCF89383745FCF9BC78BB2AE2FC88EF47AC8EB820E2C28835113F88F861C4DA881F45FCB8153F89EFF1D378FBB3888BE2F8E2787B49C4A5F1352F8BB73F8FB83C8E7F116FAF88B832E2AA56FC32E2571157475C13716DC47511BF8EB83EE286887511BF89581FF1DB56DC18B1216263C4EF226E8AF87D7CEF4DF1F6E6885BE2FBFD21DE6E8EF863C4ADE9D193ADD8926EE2187147BAD7426BBEB82B9DB5901A0B1A9154B83196E6924532018006830683989E06437392715B6BC391361E9B5B1B915BD2C6A4B541F97D2B6E6A6D5E36B6363337B63637EB5B1B9E75AD0DD0F5AD0DD175ADB8B6B559BABAB579FA656B3395365657B4365A97A78D576B0376696B4376496B737651DAACB5366D3F696DE27ED4DAD8FDB0B5D15BD3DAF85DD08AD5AD4D61DA1CAE6A6D16D3C6F19CD646F2ACB4B16C6D30BF97369C69E3D9DA7C9E9136A3AD4DE9B7D226B5B559FD66DAC0B636B2DF481BDBD606F7E414AD4DEF57D326B8B519FE72DA1CB736CA5F4CC56E6B03FD85B4A16E6DAC3FD78AE35A9BEE7413DACFB436E36963FEE9D646FDE8B4716F6DE03F9536F429D2E63E6DF2D3663F6DFAD3E63F350152432035065A0D824FA68641AB71F089567CBCD55418484D8656B3E123A9F9D06A441C981A13A941911A15A961911A172952132335335253233537529323353B52E32335405223243544526324354852A32445AB69B22C35515ACD945D5273A5D568599A1A2FA901933604A921931A33A9419322356B52D326356F5213273573525327357852A327357C52E3273580522328358452A4E6506A12A566516A1AA5E6516A22A586526A2CA506536A34A586536A3CA506546A44A5484DA9D49C4A4DAAD4AC4A4DABD4BC4A8DACD4D04A8DADD4E04A8DAED4F04A8DAF14A909969A61A929969A63A949969A65A971961A68A991961A6AA9B1961A6CA9D1961A6E2952F32D35E152332E35E552732E35E952C32E35EE52032F35F252432F35F652832F456AF6A5A65F6AFEA526606A06A6A6606A10A646616A18A6C6616A20A646626A28A6C6628AF4F8C9F4848838FEFB7423C774AF8538FEBBD62511CE5AA0CA0D86D4A85C28130094BDE0B8ABB00643AD2E91686DA22E1CABC160040230DBA4E66E6A54CA0400653718DC555883A19637794CBFBD6DFD465F830180D95EEFA5CBAB1A320140A9DCF44783A1EE8FA96C9DD170BE060300B3B8C190EEDD52C80400652F386EFAA3C150EB06C390D6190D171A8100CC36E95E38E9DE2D320140D90D0637FDD160D0600080D95DEFA5A7CEE4320140A9DCF4478341830100667D83213DD2B6572600287BC171D31F0D060D060098C5D2A383D3236D650280B21B0C6EFAA3C1A0C100001A0C00D0F182E3A63F1A0C1A0C00308BF5F5F59D1CB1B34C0050F682E3A63F1A0C1A0C00308BE579FEB5A228DE21130094DD6070D31F0D060D060098DDF5DED7F33CDF49260028956BF2341834180060D63718BE11F1769900A0EC05C735791A0C1A0C00308BE5797E4A51140B640280B2171CD7E46930683000C02CD6D7D7776AD47C6F930900CA5E705C93A7C1A0C10000B3BBDEFB66C48E320140D90B8E6BF234183418006016CBF3FCB4A228E6CB0400652F38AEC9D360D060008059ACAFAFEFF4A8F9769009003418341884060300683000D0F50B8E9BFE6830683000C0ECAEF7BE15F1569900A0EC05C74D7F34183418006016CBF3FCDB8D46E32D320140D90B8E9BFE6830683000C02CD6D7D7F79DA8F9B6970900CA5E705C93A7C1A0C10000B3BBDE3BA3288A79320140D90B8E6BF234183418006016CBF3FCCC46A3F1669900A0EC05C735795DE6ACB3CED21898BED832383878A75105409DF5F5F57D376ABE37C90400652F38AEC9EB32AB56AD5ABF61C306CD81698875EBD67D657070F072A30A809AD77BDF2B8AE28D320140D90B8E6BF2BACCD9679FFDB673CF3DF7E61B6FBCF1364D82F6CF5C48CD85952B575E17B1B35105409D45AD37D8DBDBFB069900A054AEC9EB4EB129DE617070706D3ABD3FDD43A05BA3AFAFAF5BFF6D296F976B2E008006030033C4357974387EDC401100BA7FBD5E19F17A9900A0EC05C7357974327E341800A0FBD7EBB3A2DE7B9D4C00502AA7CCD161C1A2C10000DD5FEF9D1DF5DE6B650280B237884E99A393F1A3C10000DDBF5E9F1331572600287BC171CA1C9D8C1F0D0600E8FEF5FADCA8F75E23130094CA29737458B068300040F7D77BE745BDF76A9900A0EC0DA253E6E864FC68300040F7AFD7AB225E25130094BDE038658E4EC68F06030074FF7A7D7ED47BAF940900CA5E703418E864FC68300040F7AFD7DFEFEDED7D854C00502AD7E4D161C1A2C10000DDBF5E6B300030230B8E6BF2E864FC68300040F7AFD7AB235E2E130094BDE0B8268F4EC68F06030074FF7A7D41D47B2F930900CA5E709C324727E347830100BA7FBDBE30CFF3ED640280B2171CA7CCD1C9F8D1600080EE5FAFD744BC542600287BC171CA1C9D8C1F0D0600E8FEF5FA078D46E325320140D90B8E53E6E864FC68300040F7AFD73F8C7AEFC5320140D90B8E53E6E864FC68300040F7AFD76B23E6C80400652F384E99A393F1A3C10000DDBF5EFF28EABD17C90400652F384E99A393F1A3C10000DDBF5EFF38EABD17CA0400652F384E99A393F1A3C10000DDBF5E6B300030230B8E53E6E864FC68300040F7AFD73F8978814C0050F682A3A34D27E347830100BA5CD47A3F6D341ACF970900CADE20EA68D3C9F8D1600080EE5FAF7F96E7F9F364028052E968D361C1A2C10000DDBF5E5F5414C573650280B2171C1D6D3A193F1A0C00D0E5A2D6BBB8BFBFFF39320140D91B441D6D3A193F1A0C00D0FDEBF525799E3F5B2600287BC1D160A093F1A3C10000DDBF5E5F1AF5DEB36402805239658E0E0B160D0600E87245515C9665D933650280B237884E99A393F1A3C10000DDBF5EFF3CEABD67C80400652F384E99A393F1A3C10000DDBF5E6B3000503EA7CCD161C1A2C10000DDBF5E5F1E35DFD3650280B2171C1D6D3A193F1A0C00D0E58AA2F84596654F930900CADE20EA68D3C9F8D1600080EE5FAFAFC8F3FCA9320140A974B4E9B060D1600080EE5FAFAF6C341A4F910900CA5E7074B4E964FC68300040F7AFD7576559F6649900A0EC0547479B4EC68F06030074FF7AFDCB3CCF9F24130094BDE0E868D3C9F8D1600080EE5FAF7FD568349E28130094BDE0E868D3C9F8D1600080EE5FAFAFCEB2EC09320140D90B8E8E369D8C1F0D0600E8FEF5FA9A886D650280B2171C1D6D3A193F1A0C00D0FDEBB5060300161CBA7EFC68300040F7AFD7D7361A8DC7CB0400161CBA79FC68300040F7AFD7D76559F6389900C08243378F1F0D0600E8FEF5FAD7118F9509002C3874F3F8D1600080EE5FAFAFEFEFEF7F8C4C0050F682A3C14027E347830100BA7FBDBE21CBB247CB0400652F383ADA4C76AC9C9E1A0A13C45A990280AE5BC3D7453C4A2600287BC1D1D166B263654EC49DE33518F23CDF41A600A0EBD6F0DF2C5CB8F05F650280B2171C1D6DA6325ECE18A7C170E1DCB973EF2D4B00D075EBF7FA2CCB1E29130094BDE0E8683395F13267AC064351140B640800BA72FDFE6DACD38F900900CA5E7074B499EA9819ED5E0C6B9DBD00005DBB766B300060C1A12BC7CC3DEEC5E0DE0B00D0D56BF78D8B162DFA179900C08243D7C9F3FC14672F004065EABD0D59963D5C2600B0E0D075F23CDF6ED8BD17E6C908007475BDB731D6EB87C90400161CBA75ECDC7D2F06672F0040D7AFD9BF5BBC78F1436502000B0EDD3A76E6ECB4D34E4D990080AE5FB36FCAB2EC2132018005876E952E8D68B6DE0200DD5BEFFDBED1683C582600B0E0D08DDE10B1296245EBADA748004097CAF37CD3D2A54B1F2413005870E83643CD85A1A6423A8361638F26030074A5BEBEBE9BB32C7BA04C0060C1A19B8C6C2E4CF4F700807A0F809A2C38B7F4F7F73F4026988474A6C2784D84A1F7BB270300A8F700A89BA228FEB0E38E3BFEB34C3081C9360F9CC90000EA3D00EAA8AFAF6F739665F79709C631D4349857D2C70300EA3D002C38CC72ED9E91903E6F738F2603007443BDF7C7458B16FD934C0060C1616BE9F47207974B004077D47BB7CE9F3FFF7E3201800587AD61A21B3ACEF4D70100DAAFF76ECBB2ECBE32018005879936DD4F83702603006CDD7A6FCBD2A54BFF512600B0E0309346DEA0F15E114B5A6FA762E4E7B9F123006CBD7AEFF6EDB7DFFE1F6402000B0E3365E49906A939F0B98866EBED649B0C637D9E2603006C9D7AEF8E2CCBFE5E2600B0E0301346BB8C6149AB49D0EC997C936178736128160F7BBF7B3200807A0F8059BAE0FC69D9B265F791895A1B6BD33F5AB360BC26C3681F7FDC281FEF9E0C00A0DE0360162E3877CE9D3BF7DE32515B13DDD071B24D86C9361786B85C0200D47B00CCB205E7AE2CCBFE4E266A69B29BFC899A0C536D2E0CFFFE1B7B9CC90000EA3D0066C582F3E78181816D64A276A67A99C2584D866D7ADA6B2E0C714F060050EF01304B169CBFF44CFD1184545BBBF74018ADC970454FFBCD854EFF3D00807A0F802E5A709AB2502B9D9E31305A93A193E6C210F7640000F51E00555F7044BD225EF6151D0E9B748AE5C83317AE68FD7D2756787D84104288D2D67F00806935D153232632DE190CE33DC27222CE60000000808A499BF9CD3DE5DC83A19D26837B3000000040454DF58C81B11E4539DA5324A6D264F01409000000A8B8C99E39305673E15EE3BC7F324D8639111B7B3417000000A0F2263A8360A2E6C2781F375E9361E8328D055E02000000981DC63A9361B2CD85F13E7EB426C3D0F7D35C0000008059269DC930F27285253D936F2E0C19ADC9B078C4F771CF0500000098C5463EC27278B36032CD859E093ECFA328010000A026465E2E919A038B7BA6FEE8C9919F37B27901000000CC72937DBAC4648D76F9050000005003D3D56498EE660500000050319D5ED6E0B208000000E06EED3EF5C10D1D01000080BF31D5CB1C5C16010000008C6AB24D8339119B23164819000000309A74B9C3E69EB12F7B187A5A84E60200000030AEB1CE647059040000003025239B099A0B000000405B869A0A2B7A3417000000800EA47B2E347B3C8A12000000E8D083A40000000000000000000000000000000000000000000000000000000000000000000080FF07818ABB75675465180000000049454E44AE426082,
   '1');

-- ----------------------------
-- Table structure for `act_ge_property`
-- ----------------------------
DROP TABLE IF EXISTS `act_ge_property`;
CREATE TABLE `act_ge_property` (
  `NAME_` varchar(64) COLLATE utf8_bin NOT NULL DEFAULT '',
  `VALUE_` varchar(300) COLLATE utf8_bin DEFAULT NULL,
  `REV_` int(11) DEFAULT NULL,
  PRIMARY KEY (`NAME_`)
) ENGINE=InnoDB DEFAULT CHARSET=utf8 COLLATE=utf8_bin;

-- ----------------------------
-- Records of act_ge_property
-- ----------------------------
INSERT INTO `act_ge_property` VALUES ('next.dbid', '70001', '29');
INSERT INTO `act_ge_property` VALUES ('schema.history', 'create(5.20.0.0)', '1');
INSERT INTO `act_ge_property` VALUES ('schema.version', '5.20.0.0', '1');

-- ----------------------------
-- Table structure for `act_hi_actinst`
-- ----------------------------
DROP TABLE IF EXISTS `act_hi_actinst`;
CREATE TABLE `act_hi_actinst` (
  `ID_` varchar(64) COLLATE utf8_bin NOT NULL,
  `PROC_DEF_ID_` varchar(64) COLLATE utf8_bin NOT NULL,
  `PROC_INST_ID_` varchar(64) COLLATE utf8_bin NOT NULL,
  `EXECUTION_ID_` varchar(64) COLLATE utf8_bin NOT NULL,
  `ACT_ID_` varchar(255) COLLATE utf8_bin NOT NULL,
  `TASK_ID_` varchar(64) COLLATE utf8_bin DEFAULT NULL,
  `CALL_PROC_INST_ID_` varchar(64) COLLATE utf8_bin DEFAULT NULL,
  `ACT_NAME_` varchar(255) COLLATE utf8_bin DEFAULT NULL,
  `ACT_TYPE_` varchar(255) COLLATE utf8_bin NOT NULL,
  `ASSIGNEE_` varchar(255) COLLATE utf8_bin DEFAULT NULL,
  `START_TIME_` datetime NOT NULL,
  `END_TIME_` datetime DEFAULT NULL,
  `DURATION_` bigint(20) DEFAULT NULL,
  `TENANT_ID_` varchar(255) COLLATE utf8_bin DEFAULT '',
  PRIMARY KEY (`ID_`),
  KEY `ACT_IDX_HI_ACT_INST_START` (`START_TIME_`),
  KEY `ACT_IDX_HI_ACT_INST_END` (`END_TIME_`),
  KEY `ACT_IDX_HI_ACT_INST_PROCINST` (`PROC_INST_ID_`,`ACT_ID_`),
  KEY `ACT_IDX_HI_ACT_INST_EXEC` (`EXECUTION_ID_`,`ACT_ID_`)
) ENGINE=InnoDB DEFAULT CHARSET=utf8 COLLATE=utf8_bin;

-- ----------------------------
-- Records of act_hi_actinst
-- ----------------------------
INSERT INTO `act_hi_actinst` VALUES
  ('67508', 'auditing-process:2:67504', '67505', '67505', 'start', NULL, NULL, 'StartEvent', 'startEvent', NULL,
            '2016-06-03 23:19:41', '2016-06-03 23:19:41', '35', '');
INSERT INTO `act_hi_actinst` VALUES
  ('67509', 'auditing-process:2:67504', '67505', '67505', 'firstverify', '67510', NULL, '', 'userTask', '26',
            '2016-06-03 23:19:41', '2016-06-03 23:35:50', '969444', '');
INSERT INTO `act_hi_actinst` VALUES
  ('67518', 'auditing-process:2:67504', '67515', '67515', 'start', NULL, NULL, 'StartEvent', 'startEvent', NULL,
            '2016-06-03 23:24:10', '2016-06-03 23:24:10', '6', '');
INSERT INTO `act_hi_actinst` VALUES
  ('67519', 'auditing-process:2:67504', '67515', '67515', 'firstverify', '67520', NULL, '', 'userTask', '26',
            '2016-06-03 23:24:10', '2016-06-04 00:01:57', '2267253', '');
INSERT INTO `act_hi_actinst` VALUES
  ('67527', 'auditing-process:2:67504', '67505', '67505', '_7', NULL, NULL, 'ExclusiveGateway', 'exclusiveGateway',
            NULL, '2016-06-03 23:35:50', '2016-06-03 23:35:50', '23', '');
INSERT INTO `act_hi_actinst` VALUES
  ('67528', 'auditing-process:2:67504', '67505', '67505', '_8', NULL, NULL, 'ExclusiveGateway', 'exclusiveGateway',
            NULL, '2016-06-03 23:35:50', '2016-06-03 23:35:50', '1', '');
INSERT INTO `act_hi_actinst` VALUES
  ('67529', 'auditing-process:2:67504', '67505', '67505', 'end', NULL, NULL, 'EndEvent', 'endEvent', NULL,
            '2016-06-03 23:35:50', '2016-06-03 23:35:50', '1', '');
INSERT INTO `act_hi_actinst` VALUES
  ('67533', 'auditing-process:2:67504', '67515', '67515', '_7', NULL, NULL, 'ExclusiveGateway', 'exclusiveGateway',
            NULL, '2016-06-04 00:01:57', '2016-06-04 00:01:57', '1', '');
INSERT INTO `act_hi_actinst` VALUES
  ('67534', 'auditing-process:2:67504', '67515', '67515', '_8', NULL, NULL, 'ExclusiveGateway', 'exclusiveGateway',
            NULL, '2016-06-04 00:01:57', '2016-06-04 00:01:57', '1', '');
INSERT INTO `act_hi_actinst` VALUES
  ('67535', 'auditing-process:2:67504', '67515', '67515', 'adjust', '67536', NULL, '', 'userTask', '31',
            '2016-06-04 00:01:57', '2016-06-04 00:10:14', '496932', '');
INSERT INTO `act_hi_actinst` VALUES
  ('67538', 'auditing-process:2:67504', '67515', '67515', 'sid-330221E3-2233-4B51-B303-C83CAE650EC2', NULL, NULL, NULL,
            'exclusiveGateway', NULL, '2016-06-04 00:10:14', '2016-06-04 00:10:14', '2', '');
INSERT INTO `act_hi_actinst` VALUES
  ('67539', 'auditing-process:2:67504', '67515', '67515', 'firstverify', '67540', NULL, '', 'userTask', '26',
            '2016-06-04 00:10:14', '2016-06-04 00:16:14', '359957', '');
INSERT INTO `act_hi_actinst` VALUES
  ('67543', 'auditing-process:2:67504', '67515', '67515', '_7', NULL, NULL, 'ExclusiveGateway', 'exclusiveGateway',
            NULL, '2016-06-04 00:16:14', '2016-06-04 00:16:14', '1', '');
INSERT INTO `act_hi_actinst` VALUES
  ('67544', 'auditing-process:2:67504', '67515', '67515', 'secondverify', '67545', NULL, '', 'userTask', '28',
            '2016-06-04 00:16:14', '2016-06-04 00:23:06', '411910', '');
INSERT INTO `act_hi_actinst` VALUES
  ('67550', 'auditing-process:2:67504', '67515', '67515', '_9', NULL, NULL, 'ExclusiveGateway', 'exclusiveGateway',
            NULL, '2016-06-04 00:23:06', '2016-06-04 00:23:06', '1', '');
INSERT INTO `act_hi_actinst` VALUES
  ('67551', 'auditing-process:2:67504', '67515', '67515', 'adjust', '67552', NULL, '', 'userTask', '31',
            '2016-06-04 00:23:06', '2016-06-04 00:25:13', '126773', '');
INSERT INTO `act_hi_actinst` VALUES
  ('67553', 'auditing-process:2:67504', '67515', '67515', 'sid-330221E3-2233-4B51-B303-C83CAE650EC2', NULL, NULL, NULL,
            'exclusiveGateway', NULL, '2016-06-04 00:25:13', '2016-06-04 00:25:13', '1', '');
INSERT INTO `act_hi_actinst` VALUES
  ('67554', 'auditing-process:2:67504', '67515', '67515', 'firstverify', '67555', NULL, '', 'userTask', '26',
            '2016-06-04 00:25:13', '2016-06-04 00:29:06', '233254', '');
INSERT INTO `act_hi_actinst` VALUES
  ('67558', 'auditing-process:2:67504', '67515', '67515', '_7', NULL, NULL, 'ExclusiveGateway', 'exclusiveGateway',
            NULL, '2016-06-04 00:29:06', '2016-06-04 00:29:06', '1', '');
INSERT INTO `act_hi_actinst` VALUES
  ('67559', 'auditing-process:2:67504', '67515', '67515', '_8', NULL, NULL, 'ExclusiveGateway', 'exclusiveGateway',
            NULL, '2016-06-04 00:29:06', '2016-06-04 00:29:06', '0', '');
INSERT INTO `act_hi_actinst` VALUES
  ('67560', 'auditing-process:2:67504', '67515', '67515', 'adjust', '67561', NULL, '', 'userTask', '31',
            '2016-06-04 00:29:06', '2016-06-04 00:29:54', '47785', '');
INSERT INTO `act_hi_actinst` VALUES
  ('67562', 'auditing-process:2:67504', '67515', '67515', 'sid-330221E3-2233-4B51-B303-C83CAE650EC2', NULL, NULL, NULL,
            'exclusiveGateway', NULL, '2016-06-04 00:29:54', '2016-06-04 00:29:54', '1', '');
INSERT INTO `act_hi_actinst` VALUES
  ('67563', 'auditing-process:2:67504', '67515', '67515', 'firstverify', '67564', NULL, '', 'userTask', '26',
            '2016-06-04 00:29:54', '2016-06-04 00:34:18', '263867', '');
INSERT INTO `act_hi_actinst` VALUES
  ('67567', 'auditing-process:2:67504', '67515', '67515', '_7', NULL, NULL, 'ExclusiveGateway', 'exclusiveGateway',
            NULL, '2016-06-04 00:34:18', '2016-06-04 00:34:18', '1', '');
INSERT INTO `act_hi_actinst` VALUES
  ('67568', 'auditing-process:2:67504', '67515', '67515', 'secondverify', '67569', NULL, '', 'userTask', '29',
            '2016-06-04 00:34:18', '2016-06-04 00:35:56', '97662', '');
INSERT INTO `act_hi_actinst` VALUES
  ('67572', 'auditing-process:2:67504', '67515', '67515', '_9', NULL, NULL, 'ExclusiveGateway', 'exclusiveGateway',
            NULL, '2016-06-04 00:35:56', '2016-06-04 00:35:56', '1', '');
INSERT INTO `act_hi_actinst` VALUES
  ('67573', 'auditing-process:2:67504', '67515', '67515', 'end', NULL, NULL, 'EndEvent', 'endEvent', NULL,
            '2016-06-04 00:35:56', '2016-06-04 00:35:56', '1', '');
INSERT INTO `act_hi_actinst` VALUES
  ('67577', 'auditing-process:2:67504', '67574', '67574', 'start', NULL, NULL, 'StartEvent', 'startEvent', NULL,
            '2016-06-04 00:57:56', '2016-06-04 00:57:56', '4', '');
INSERT INTO `act_hi_actinst` VALUES
  ('67578', 'auditing-process:2:67504', '67574', '67574', 'firstverify', '67579', NULL, '', 'userTask', '27',
            '2016-06-04 00:57:56', '2016-06-04 00:59:10', '74266', '');
INSERT INTO `act_hi_actinst` VALUES
  ('67585', 'auditing-process:2:67504', '67574', '67574', '_7', NULL, NULL, 'ExclusiveGateway', 'exclusiveGateway',
            NULL, '2016-06-04 00:59:10', '2016-06-04 00:59:10', '0', '');
INSERT INTO `act_hi_actinst` VALUES
  ('67586', 'auditing-process:2:67504', '67574', '67574', 'secondverify', '67587', NULL, '', 'userTask', '28',
            '2016-06-04 00:59:10', '2016-06-04 01:00:48', '97655', '');
INSERT INTO `act_hi_actinst` VALUES
  ('67593', 'auditing-process:2:67504', '67574', '67574', '_9', NULL, NULL, 'ExclusiveGateway', 'exclusiveGateway',
            NULL, '2016-06-04 01:00:48', '2016-06-04 01:00:48', '1', '');
INSERT INTO `act_hi_actinst` VALUES
  ('67594', 'auditing-process:2:67504', '67574', '67574', 'end', NULL, NULL, 'EndEvent', 'endEvent', NULL,
            '2016-06-04 01:00:48', '2016-06-04 01:00:48', '1', '');
INSERT INTO `act_hi_actinst` VALUES
  ('67598', 'auditing-process:2:67504', '67595', '67595', 'start', NULL, NULL, 'StartEvent', 'startEvent', NULL,
            '2016-06-04 01:02:14', '2016-06-04 01:02:14', '3', '');
INSERT INTO `act_hi_actinst` VALUES
  ('67599', 'auditing-process:2:67504', '67595', '67595', 'firstverify', '67600', NULL, '', 'userTask', '26',
            '2016-06-04 01:02:14', NULL, NULL, '');

-- ----------------------------
-- Table structure for `act_hi_attachment`
-- ----------------------------
DROP TABLE IF EXISTS `act_hi_attachment`;
CREATE TABLE `act_hi_attachment` (
  `ID_` varchar(64) COLLATE utf8_bin NOT NULL,
  `REV_` int(11) DEFAULT NULL,
  `USER_ID_` varchar(255) COLLATE utf8_bin DEFAULT NULL,
  `NAME_` varchar(255) COLLATE utf8_bin DEFAULT NULL,
  `DESCRIPTION_` varchar(4000) COLLATE utf8_bin DEFAULT NULL,
  `TYPE_` varchar(255) COLLATE utf8_bin DEFAULT NULL,
  `TASK_ID_` varchar(64) COLLATE utf8_bin DEFAULT NULL,
  `PROC_INST_ID_` varchar(64) COLLATE utf8_bin DEFAULT NULL,
  `URL_` varchar(4000) COLLATE utf8_bin DEFAULT NULL,
  `CONTENT_ID_` varchar(64) COLLATE utf8_bin DEFAULT NULL,
  `TIME_` datetime DEFAULT NULL,
  PRIMARY KEY (`ID_`)
) ENGINE=InnoDB DEFAULT CHARSET=utf8 COLLATE=utf8_bin;

-- ----------------------------
-- Records of act_hi_attachment
-- ----------------------------

-- ----------------------------
-- Table structure for `act_hi_comment`
-- ----------------------------
DROP TABLE IF EXISTS `act_hi_comment`;
CREATE TABLE `act_hi_comment` (
  `ID_` varchar(64) COLLATE utf8_bin NOT NULL,
  `TYPE_` varchar(255) COLLATE utf8_bin DEFAULT NULL,
  `TIME_` datetime NOT NULL,
  `USER_ID_` varchar(255) COLLATE utf8_bin DEFAULT NULL,
  `TASK_ID_` varchar(64) COLLATE utf8_bin DEFAULT NULL,
  `PROC_INST_ID_` varchar(64) COLLATE utf8_bin DEFAULT NULL,
  `ACTION_` varchar(255) COLLATE utf8_bin DEFAULT NULL,
  `MESSAGE_` varchar(4000) COLLATE utf8_bin DEFAULT NULL,
  `FULL_MSG_` longblob,
  PRIMARY KEY (`ID_`)
) ENGINE=InnoDB DEFAULT CHARSET=utf8 COLLATE=utf8_bin;

-- ----------------------------
-- Records of act_hi_comment
-- ----------------------------

-- ----------------------------
-- Table structure for `act_hi_detail`
-- ----------------------------
DROP TABLE IF EXISTS `act_hi_detail`;
CREATE TABLE `act_hi_detail` (
  `ID_` varchar(64) COLLATE utf8_bin NOT NULL,
  `TYPE_` varchar(255) COLLATE utf8_bin NOT NULL,
  `PROC_INST_ID_` varchar(64) COLLATE utf8_bin DEFAULT NULL,
  `EXECUTION_ID_` varchar(64) COLLATE utf8_bin DEFAULT NULL,
  `TASK_ID_` varchar(64) COLLATE utf8_bin DEFAULT NULL,
  `ACT_INST_ID_` varchar(64) COLLATE utf8_bin DEFAULT NULL,
  `NAME_` varchar(255) COLLATE utf8_bin NOT NULL,
  `VAR_TYPE_` varchar(255) COLLATE utf8_bin DEFAULT NULL,
  `REV_` int(11) DEFAULT NULL,
  `TIME_` datetime NOT NULL,
  `BYTEARRAY_ID_` varchar(64) COLLATE utf8_bin DEFAULT NULL,
  `DOUBLE_` double DEFAULT NULL,
  `LONG_` bigint(20) DEFAULT NULL,
  `TEXT_` varchar(4000) COLLATE utf8_bin DEFAULT NULL,
  `TEXT2_` varchar(4000) COLLATE utf8_bin DEFAULT NULL,
  PRIMARY KEY (`ID_`),
  KEY `ACT_IDX_HI_DETAIL_PROC_INST` (`PROC_INST_ID_`),
  KEY `ACT_IDX_HI_DETAIL_ACT_INST` (`ACT_INST_ID_`),
  KEY `ACT_IDX_HI_DETAIL_TIME` (`TIME_`),
  KEY `ACT_IDX_HI_DETAIL_NAME` (`NAME_`),
  KEY `ACT_IDX_HI_DETAIL_TASK_ID` (`TASK_ID_`)
) ENGINE=InnoDB DEFAULT CHARSET=utf8 COLLATE=utf8_bin;

-- ----------------------------
-- Records of act_hi_detail
-- ----------------------------

-- ----------------------------
-- Table structure for `act_hi_identitylink`
-- ----------------------------
DROP TABLE IF EXISTS `act_hi_identitylink`;
CREATE TABLE `act_hi_identitylink` (
  `ID_` varchar(64) COLLATE utf8_bin NOT NULL DEFAULT '',
  `GROUP_ID_` varchar(255) COLLATE utf8_bin DEFAULT NULL,
  `TYPE_` varchar(255) COLLATE utf8_bin DEFAULT NULL,
  `USER_ID_` varchar(255) COLLATE utf8_bin DEFAULT NULL,
  `TASK_ID_` varchar(64) COLLATE utf8_bin DEFAULT NULL,
  `PROC_INST_ID_` varchar(64) COLLATE utf8_bin DEFAULT NULL,
  PRIMARY KEY (`ID_`),
  KEY `ACT_IDX_HI_IDENT_LNK_USER` (`USER_ID_`),
  KEY `ACT_IDX_HI_IDENT_LNK_TASK` (`TASK_ID_`),
  KEY `ACT_IDX_HI_IDENT_LNK_PROCINST` (`PROC_INST_ID_`)
) ENGINE=InnoDB DEFAULT CHARSET=utf8 COLLATE=utf8_bin;

-- ----------------------------
-- Records of act_hi_identitylink
-- ----------------------------
INSERT INTO `act_hi_identitylink` VALUES ('67507', NULL, 'starter', '30', NULL, '67505');
INSERT INTO `act_hi_identitylink` VALUES ('67511', NULL, 'candidate', '26', '67510', NULL);
INSERT INTO `act_hi_identitylink` VALUES ('67512', NULL, 'participant', '26', NULL, '67505');
INSERT INTO `act_hi_identitylink` VALUES ('67513', NULL, 'candidate', '27', '67510', NULL);
INSERT INTO `act_hi_identitylink` VALUES ('67514', NULL, 'participant', '27', NULL, '67505');
INSERT INTO `act_hi_identitylink` VALUES ('67517', NULL, 'starter', '31', NULL, '67515');
INSERT INTO `act_hi_identitylink` VALUES ('67521', NULL, 'candidate', '26', '67520', NULL);
INSERT INTO `act_hi_identitylink` VALUES ('67522', NULL, 'participant', '26', NULL, '67515');
INSERT INTO `act_hi_identitylink` VALUES ('67523', NULL, 'candidate', '27', '67520', NULL);
INSERT INTO `act_hi_identitylink` VALUES ('67524', NULL, 'participant', '27', NULL, '67515');
INSERT INTO `act_hi_identitylink` VALUES ('67541', NULL, 'candidate', '26', '67540', NULL);
INSERT INTO `act_hi_identitylink` VALUES ('67542', NULL, 'candidate', '27', '67540', NULL);
INSERT INTO `act_hi_identitylink` VALUES ('67546', NULL, 'candidate', '28', '67545', NULL);
INSERT INTO `act_hi_identitylink` VALUES ('67547', NULL, 'participant', '28', NULL, '67515');
INSERT INTO `act_hi_identitylink` VALUES ('67548', NULL, 'candidate', '29', '67545', NULL);
INSERT INTO `act_hi_identitylink` VALUES ('67549', NULL, 'participant', '29', NULL, '67515');
INSERT INTO `act_hi_identitylink` VALUES ('67556', NULL, 'candidate', '26', '67555', NULL);
INSERT INTO `act_hi_identitylink` VALUES ('67557', NULL, 'candidate', '27', '67555', NULL);
INSERT INTO `act_hi_identitylink` VALUES ('67565', NULL, 'candidate', '26', '67564', NULL);
INSERT INTO `act_hi_identitylink` VALUES ('67566', NULL, 'candidate', '27', '67564', NULL);
INSERT INTO `act_hi_identitylink` VALUES ('67570', NULL, 'candidate', '28', '67569', NULL);
INSERT INTO `act_hi_identitylink` VALUES ('67571', NULL, 'candidate', '29', '67569', NULL);
INSERT INTO `act_hi_identitylink` VALUES ('67576', NULL, 'starter', '30', NULL, '67574');
INSERT INTO `act_hi_identitylink` VALUES ('67580', NULL, 'candidate', '26', '67579', NULL);
INSERT INTO `act_hi_identitylink` VALUES ('67581', NULL, 'participant', '26', NULL, '67574');
INSERT INTO `act_hi_identitylink` VALUES ('67582', NULL, 'candidate', '27', '67579', NULL);
INSERT INTO `act_hi_identitylink` VALUES ('67583', NULL, 'participant', '27', NULL, '67574');
INSERT INTO `act_hi_identitylink` VALUES ('67588', NULL, 'candidate', '28', '67587', NULL);
INSERT INTO `act_hi_identitylink` VALUES ('67589', NULL, 'participant', '28', NULL, '67574');
INSERT INTO `act_hi_identitylink` VALUES ('67590', NULL, 'candidate', '29', '67587', NULL);
INSERT INTO `act_hi_identitylink` VALUES ('67591', NULL, 'participant', '29', NULL, '67574');
INSERT INTO `act_hi_identitylink` VALUES ('67597', NULL, 'starter', '30', NULL, '67595');
INSERT INTO `act_hi_identitylink` VALUES ('67601', NULL, 'candidate', '26', '67600', NULL);
INSERT INTO `act_hi_identitylink` VALUES ('67602', NULL, 'participant', '26', NULL, '67595');
INSERT INTO `act_hi_identitylink` VALUES ('67603', NULL, 'candidate', '27', '67600', NULL);
INSERT INTO `act_hi_identitylink` VALUES ('67604', NULL, 'participant', '27', NULL, '67595');

-- ----------------------------
-- Table structure for `act_hi_procinst`
-- ----------------------------
DROP TABLE IF EXISTS `act_hi_procinst`;
CREATE TABLE `act_hi_procinst` (
  `ID_` varchar(64) COLLATE utf8_bin NOT NULL,
  `PROC_INST_ID_` varchar(64) COLLATE utf8_bin NOT NULL,
  `BUSINESS_KEY_` varchar(255) COLLATE utf8_bin DEFAULT NULL,
  `PROC_DEF_ID_` varchar(64) COLLATE utf8_bin NOT NULL,
  `START_TIME_` datetime NOT NULL,
  `END_TIME_` datetime DEFAULT NULL,
  `DURATION_` bigint(20) DEFAULT NULL,
  `START_USER_ID_` varchar(255) COLLATE utf8_bin DEFAULT NULL,
  `START_ACT_ID_` varchar(255) COLLATE utf8_bin DEFAULT NULL,
  `END_ACT_ID_` varchar(255) COLLATE utf8_bin DEFAULT NULL,
  `SUPER_PROCESS_INSTANCE_ID_` varchar(64) COLLATE utf8_bin DEFAULT NULL,
  `DELETE_REASON_` varchar(4000) COLLATE utf8_bin DEFAULT NULL,
  `TENANT_ID_` varchar(255) COLLATE utf8_bin DEFAULT '',
  `NAME_` varchar(255) COLLATE utf8_bin DEFAULT NULL,
  PRIMARY KEY (`ID_`),
  UNIQUE KEY `PROC_INST_ID_` (`PROC_INST_ID_`),
  KEY `ACT_IDX_HI_PRO_INST_END` (`END_TIME_`),
  KEY `ACT_IDX_HI_PRO_I_BUSKEY` (`BUSINESS_KEY_`)
) ENGINE=InnoDB DEFAULT CHARSET=utf8 COLLATE=utf8_bin;

-- ----------------------------
-- Records of act_hi_procinst
-- ----------------------------
INSERT INTO `act_hi_procinst` VALUES
  ('67505', '67505', 'e8cbf364-5513-43b1-93b5-a671bc084e18', 'auditing-process:2:67504', '2016-06-03 23:19:41',
            '2016-06-03 23:35:50', '969476', '30', 'start', 'end', NULL, NULL, '', NULL);
INSERT INTO `act_hi_procinst` VALUES
  ('67515', '67515', 'fe23df27-94bc-47f7-8b52-2076c42ab668', 'auditing-process:2:67504', '2016-06-03 23:24:10',
            '2016-06-04 00:35:56', '4305669', '31', 'start', 'end', NULL, NULL, '', NULL);
INSERT INTO `act_hi_procinst` VALUES
  ('67574', '67574', '04ca4aa2-f344-4a18-9459-4eca6d2ecc0a', 'auditing-process:2:67504', '2016-06-04 00:57:56',
            '2016-06-04 01:00:48', '171662', '30', 'start', 'end', NULL, NULL, '', NULL);
INSERT INTO `act_hi_procinst` VALUES
  ('67595', '67595', '4b3e2342-932c-4a33-bf2e-4fe814dabe61', 'auditing-process:2:67504', '2016-06-04 01:02:14', NULL,
            NULL, '30', 'start', NULL, NULL, NULL, '', NULL);

-- ----------------------------
-- Table structure for `act_hi_taskinst`
-- ----------------------------
DROP TABLE IF EXISTS `act_hi_taskinst`;
CREATE TABLE `act_hi_taskinst` (
  `ID_` varchar(64) COLLATE utf8_bin NOT NULL,
  `PROC_DEF_ID_` varchar(64) COLLATE utf8_bin DEFAULT NULL,
  `TASK_DEF_KEY_` varchar(255) COLLATE utf8_bin DEFAULT NULL,
  `PROC_INST_ID_` varchar(64) COLLATE utf8_bin DEFAULT NULL,
  `EXECUTION_ID_` varchar(64) COLLATE utf8_bin DEFAULT NULL,
  `NAME_` varchar(255) COLLATE utf8_bin DEFAULT NULL,
  `PARENT_TASK_ID_` varchar(64) COLLATE utf8_bin DEFAULT NULL,
  `DESCRIPTION_` varchar(4000) COLLATE utf8_bin DEFAULT NULL,
  `OWNER_` varchar(255) COLLATE utf8_bin DEFAULT NULL,
  `ASSIGNEE_` varchar(255) COLLATE utf8_bin DEFAULT NULL,
  `START_TIME_` datetime NOT NULL,
  `CLAIM_TIME_` datetime DEFAULT NULL,
  `END_TIME_` datetime DEFAULT NULL,
  `DURATION_` bigint(20) DEFAULT NULL,
  `DELETE_REASON_` varchar(4000) COLLATE utf8_bin DEFAULT NULL,
  `PRIORITY_` int(11) DEFAULT NULL,
  `DUE_DATE_` datetime DEFAULT NULL,
  `FORM_KEY_` varchar(255) COLLATE utf8_bin DEFAULT NULL,
  `CATEGORY_` varchar(255) COLLATE utf8_bin DEFAULT NULL,
  `TENANT_ID_` varchar(255) COLLATE utf8_bin DEFAULT '',
  PRIMARY KEY (`ID_`),
  KEY `ACT_IDX_HI_TASK_INST_PROCINST` (`PROC_INST_ID_`)
) ENGINE=InnoDB DEFAULT CHARSET=utf8 COLLATE=utf8_bin;

-- ----------------------------
-- Records of act_hi_taskinst
-- ----------------------------
INSERT INTO `act_hi_taskinst` VALUES
  ('67510', 'auditing-process:2:67504', 'firstverify', '67505', '67505', '', NULL, NULL, NULL, '26',
            '2016-06-03 23:19:41', '2016-06-03 23:27:05', '2016-06-03 23:35:50', '969433', 'completed', '50', NULL,
   NULL, NULL, '');
INSERT INTO `act_hi_taskinst` VALUES
  ('67520', 'auditing-process:2:67504', 'firstverify', '67515', '67515', '', NULL, NULL, NULL, '26',
            '2016-06-03 23:24:10', '2016-06-03 23:29:12', '2016-06-04 00:01:57', '2267243', 'completed', '50', NULL,
   NULL, NULL, '');
INSERT INTO `act_hi_taskinst` VALUES
  ('67536', 'auditing-process:2:67504', 'adjust', '67515', '67515', '', NULL, NULL, NULL, '31',
            '2016-06-04 00:01:57', NULL, '2016-06-04 00:10:14', '496923', 'completed', '50', NULL, NULL, NULL, '');
INSERT INTO `act_hi_taskinst` VALUES
  ('67540', 'auditing-process:2:67504', 'firstverify', '67515', '67515', '', NULL, NULL, NULL, '26',
            '2016-06-04 00:10:14', '2016-06-04 00:12:36', '2016-06-04 00:16:14', '359947', 'completed', '50', NULL,
   NULL, NULL, '');
INSERT INTO `act_hi_taskinst` VALUES
  ('67545', 'auditing-process:2:67504', 'secondverify', '67515', '67515', '', NULL, NULL, NULL, '28',
            '2016-06-04 00:16:14', '2016-06-04 00:17:22', '2016-06-04 00:23:06', '411902', 'completed', '50', NULL,
   NULL, NULL, '');
INSERT INTO `act_hi_taskinst` VALUES
  ('67552', 'auditing-process:2:67504', 'adjust', '67515', '67515', '', NULL, NULL, NULL, '31',
            '2016-06-04 00:23:06', NULL, '2016-06-04 00:25:13', '126763', 'completed', '50', NULL, NULL, NULL, '');
INSERT INTO `act_hi_taskinst` VALUES
  ('67555', 'auditing-process:2:67504', 'firstverify', '67515', '67515', '', NULL, NULL, NULL, '26',
            '2016-06-04 00:25:13', '2016-06-04 00:28:54', '2016-06-04 00:29:06', '233247', 'completed', '50', NULL,
   NULL, NULL, '');
INSERT INTO `act_hi_taskinst` VALUES
  ('67561', 'auditing-process:2:67504', 'adjust', '67515', '67515', '', NULL, NULL, NULL, '31',
            '2016-06-04 00:29:06', NULL, '2016-06-04 00:29:54', '47776', 'completed', '50', NULL, NULL, NULL, '');
INSERT INTO `act_hi_taskinst` VALUES
  ('67564', 'auditing-process:2:67504', 'firstverify', '67515', '67515', '', NULL, NULL, NULL, '26',
            '2016-06-04 00:29:54', '2016-06-04 00:34:13', '2016-06-04 00:34:18', '263860', 'completed', '50', NULL,
   NULL, NULL, '');
INSERT INTO `act_hi_taskinst` VALUES
  ('67569', 'auditing-process:2:67504', 'secondverify', '67515', '67515', '', NULL, NULL, NULL, '29',
            '2016-06-04 00:34:18', '2016-06-04 00:35:50', '2016-06-04 00:35:56', '97653', 'completed', '50', NULL, NULL,
   NULL, '');
INSERT INTO `act_hi_taskinst` VALUES
  ('67579', 'auditing-process:2:67504', 'firstverify', '67574', '67574', '', NULL, NULL, NULL, '27',
            '2016-06-04 00:57:56', '2016-06-04 00:58:39', '2016-06-04 00:59:10', '74261', 'completed', '50', NULL, NULL,
   NULL, '');
INSERT INTO `act_hi_taskinst` VALUES
  ('67587', 'auditing-process:2:67504', 'secondverify', '67574', '67574', '', NULL, NULL, NULL, '28',
            '2016-06-04 00:59:10', '2016-06-04 01:00:22', '2016-06-04 01:00:48', '97649', 'completed', '50', NULL, NULL,
   NULL, '');
INSERT INTO `act_hi_taskinst` VALUES
  ('67600', 'auditing-process:2:67504', 'firstverify', '67595', '67595', '', NULL, NULL, NULL, '26',
            '2016-06-04 01:02:14', '2016-06-04 01:04:20', NULL, NULL, NULL, '50', NULL, NULL, NULL, '');

-- ----------------------------
-- Table structure for `act_hi_varinst`
-- ----------------------------
DROP TABLE IF EXISTS `act_hi_varinst`;
CREATE TABLE `act_hi_varinst` (
  `ID_` varchar(64) COLLATE utf8_bin NOT NULL,
  `PROC_INST_ID_` varchar(64) COLLATE utf8_bin DEFAULT NULL,
  `EXECUTION_ID_` varchar(64) COLLATE utf8_bin DEFAULT NULL,
  `TASK_ID_` varchar(64) COLLATE utf8_bin DEFAULT NULL,
  `NAME_` varchar(255) COLLATE utf8_bin NOT NULL,
  `VAR_TYPE_` varchar(100) COLLATE utf8_bin DEFAULT NULL,
  `REV_` int(11) DEFAULT NULL,
  `BYTEARRAY_ID_` varchar(64) COLLATE utf8_bin DEFAULT NULL,
  `DOUBLE_` double DEFAULT NULL,
  `LONG_` bigint(20) DEFAULT NULL,
  `TEXT_` varchar(4000) COLLATE utf8_bin DEFAULT NULL,
  `TEXT2_` varchar(4000) COLLATE utf8_bin DEFAULT NULL,
  `CREATE_TIME_` datetime DEFAULT NULL,
  `LAST_UPDATED_TIME_` datetime DEFAULT NULL,
  PRIMARY KEY (`ID_`),
  KEY `ACT_IDX_HI_PROCVAR_PROC_INST` (`PROC_INST_ID_`),
  KEY `ACT_IDX_HI_PROCVAR_NAME_TYPE` (`NAME_`,`VAR_TYPE_`),
  KEY `ACT_IDX_HI_PROCVAR_TASK_ID` (`TASK_ID_`)
) ENGINE=InnoDB DEFAULT CHARSET=utf8 COLLATE=utf8_bin;

-- ----------------------------
-- Records of act_hi_varinst
-- ----------------------------
INSERT INTO `act_hi_varinst` VALUES
  ('67506', '67505', '67505', NULL, 'applyuserId', 'string', '1', NULL, NULL, NULL, '30', NULL, '2016-06-03 23:19:41',
   '2016-06-03 23:35:50');
INSERT INTO `act_hi_varinst` VALUES
  ('67516', '67515', '67515', NULL, 'applyuserId', 'string', '1', NULL, NULL, NULL, '31', NULL, '2016-06-03 23:24:10',
   '2016-06-04 00:35:56');
INSERT INTO `act_hi_varinst` VALUES
  ('67525', '67505', '67505', NULL, 'fileCondition', 'string', '0', NULL, NULL, NULL, 'normal', NULL,
   '2016-06-03 23:35:50', '2016-06-03 23:35:50');
INSERT INTO `act_hi_varinst` VALUES
  ('67526', '67505', '67505', NULL, 'reply', 'string', '0', NULL, NULL, NULL, 'yes', NULL, '2016-06-03 23:35:50',
   '2016-06-03 23:35:50');
INSERT INTO `act_hi_varinst` VALUES
  ('67530', '67515', '67515', NULL, 'fileCondition', 'string', '5', NULL, NULL, NULL, 'normal', NULL,
   '2016-06-04 00:01:57', '2016-06-04 00:35:56');
INSERT INTO `act_hi_varinst` VALUES
  ('67531', '67515', '67515', NULL, 'reply', 'string', '3', NULL, NULL, NULL, 'yes', NULL, '2016-06-04 00:01:57',
   '2016-06-04 00:35:56');
INSERT INTO `act_hi_varinst` VALUES
  ('67532', '67515', '67515', NULL, 'reseaon', 'string', '3', NULL, NULL, NULL, '', NULL, '2016-06-04 00:01:57',
   '2016-06-04 00:35:56');
INSERT INTO `act_hi_varinst` VALUES
  ('67537', '67515', '67515', NULL, 'answer', 'string', '3', NULL, NULL, NULL, 'yes', NULL, '2016-06-04 00:10:14',
   '2016-06-04 00:35:56');
INSERT INTO `act_hi_varinst` VALUES
  ('67575', '67574', '67574', NULL, 'applyuserId', 'string', '1', NULL, NULL, NULL, '30', NULL, '2016-06-04 00:57:56',
   '2016-06-04 01:00:48');
INSERT INTO `act_hi_varinst` VALUES
  ('67584', '67574', '67574', NULL, 'fileCondition', 'string', '1', NULL, NULL, NULL, 'normal', NULL,
   '2016-06-04 00:59:10', '2016-06-04 01:00:48');
INSERT INTO `act_hi_varinst` VALUES
  ('67592', '67574', '67574', NULL, 'reply', 'string', '0', NULL, NULL, NULL, 'yes', NULL, '2016-06-04 01:00:48',
   '2016-06-04 01:00:48');
INSERT INTO `act_hi_varinst` VALUES
  ('67596', '67595', '67595', NULL, 'applyuserId', 'string', '0', NULL, NULL, NULL, '30', NULL, '2016-06-04 01:02:14',
   '2016-06-04 01:02:14');

-- ----------------------------
-- Table structure for `act_id_group`
-- ----------------------------
DROP TABLE IF EXISTS `act_id_group`;
CREATE TABLE `act_id_group` (
  `ID_` varchar(64) COLLATE utf8_bin NOT NULL DEFAULT '',
  `REV_` int(11) DEFAULT NULL,
  `NAME_` varchar(255) COLLATE utf8_bin DEFAULT NULL,
  `TYPE_` varchar(255) COLLATE utf8_bin DEFAULT NULL,
  PRIMARY KEY (`ID_`)
) ENGINE=InnoDB DEFAULT CHARSET=utf8 COLLATE=utf8_bin;

-- ----------------------------
-- Records of act_id_group
-- ----------------------------

-- ----------------------------
-- Table structure for `act_id_info`
-- ----------------------------
DROP TABLE IF EXISTS `act_id_info`;
CREATE TABLE `act_id_info` (
  `ID_` varchar(64) COLLATE utf8_bin NOT NULL DEFAULT '',
  `REV_` int(11) DEFAULT NULL,
  `USER_ID_` varchar(64) COLLATE utf8_bin DEFAULT NULL,
  `TYPE_` varchar(64) COLLATE utf8_bin DEFAULT NULL,
  `KEY_` varchar(255) COLLATE utf8_bin DEFAULT NULL,
  `VALUE_` varchar(255) COLLATE utf8_bin DEFAULT NULL,
  `PASSWORD_` longblob,
  `PARENT_ID_` varchar(255) COLLATE utf8_bin DEFAULT NULL,
  PRIMARY KEY (`ID_`)
) ENGINE=InnoDB DEFAULT CHARSET=utf8 COLLATE=utf8_bin;

-- ----------------------------
-- Records of act_id_info
-- ----------------------------

-- ----------------------------
-- Table structure for `act_id_membership`
-- ----------------------------
DROP TABLE IF EXISTS `act_id_membership`;
CREATE TABLE `act_id_membership` (
  `USER_ID_` varchar(64) COLLATE utf8_bin NOT NULL DEFAULT '',
  `GROUP_ID_` varchar(64) COLLATE utf8_bin NOT NULL DEFAULT '',
  PRIMARY KEY (`USER_ID_`, `GROUP_ID_`)
) ENGINE=InnoDB DEFAULT CHARSET=utf8 COLLATE=utf8_bin;

-- ----------------------------
-- Records of act_id_membership
-- ----------------------------

-- ----------------------------
-- Table structure for `act_id_user`
-- ----------------------------
DROP TABLE IF EXISTS `act_id_user`;
CREATE TABLE `act_id_user` (
  `ID_` varchar(64) COLLATE utf8_bin NOT NULL DEFAULT '',
  `REV_` int(11) DEFAULT NULL,
  `FIRST_` varchar(255) COLLATE utf8_bin DEFAULT NULL,
  `LAST_` varchar(255) COLLATE utf8_bin DEFAULT NULL,
  `EMAIL_` varchar(255) COLLATE utf8_bin DEFAULT NULL,
  `PWD_` varchar(255) COLLATE utf8_bin DEFAULT NULL,
  `PICTURE_ID_` varchar(64) COLLATE utf8_bin DEFAULT NULL,
  PRIMARY KEY (`ID_`)
) ENGINE=InnoDB DEFAULT CHARSET=utf8 COLLATE=utf8_bin;

-- ----------------------------
-- Records of act_id_user
-- ----------------------------

-- ----------------------------
-- Table structure for `act_procdef_info`
-- ----------------------------
DROP TABLE IF EXISTS `act_procdef_info`;
CREATE TABLE `act_procdef_info` (
  `ID_` varchar(64) COLLATE utf8_bin NOT NULL,
  `PROC_DEF_ID_` varchar(64) COLLATE utf8_bin NOT NULL,
  `REV_` int(11) DEFAULT NULL,
  `INFO_JSON_ID_` varchar(64) COLLATE utf8_bin DEFAULT NULL,
  PRIMARY KEY (`ID_`),
  UNIQUE KEY `ACT_UNIQ_INFO_PROCDEF` (`PROC_DEF_ID_`),
  KEY `ACT_IDX_INFO_PROCDEF` (`PROC_DEF_ID_`)
) ENGINE=InnoDB DEFAULT CHARSET=utf8 COLLATE=utf8_bin;

-- ----------------------------
-- Records of act_procdef_info
-- ----------------------------

-- ----------------------------
-- Table structure for `act_re_deployment`
-- ----------------------------
DROP TABLE IF EXISTS `act_re_deployment`;
CREATE TABLE `act_re_deployment` (
  `ID_`          varchar(64) COLLATE utf8_bin NOT NULL DEFAULT '',
  `NAME_`        varchar(255) COLLATE utf8_bin         DEFAULT NULL,
  `CATEGORY_`    varchar(255) COLLATE utf8_bin         DEFAULT NULL,
  `TENANT_ID_`   varchar(255) COLLATE utf8_bin         DEFAULT '',
  `DEPLOY_TIME_` TIMESTAMP                    NULL     DEFAULT NULL,
  PRIMARY KEY (`ID_`)
) ENGINE=InnoDB DEFAULT CHARSET=utf8 COLLATE=utf8_bin;

-- ----------------------------
-- Records of act_re_deployment
-- ----------------------------
INSERT INTO `act_re_deployment` VALUES ('67501', 'SpringAutoDeployment', NULL, '', '2016-06-03 23:16:49');

-- ----------------------------
-- Table structure for `act_re_model`
-- ----------------------------
DROP TABLE IF EXISTS `act_re_model`;
CREATE TABLE `act_re_model` (
  `ID_` varchar(64) COLLATE utf8_bin NOT NULL,
  `REV_` int(11) DEFAULT NULL,
  `NAME_` varchar(255) COLLATE utf8_bin DEFAULT NULL,
  `KEY_` varchar(255) COLLATE utf8_bin DEFAULT NULL,
  `CATEGORY_` varchar(255) COLLATE utf8_bin DEFAULT NULL,
  `CREATE_TIME_` timestamp NULL DEFAULT NULL,
  `LAST_UPDATE_TIME_` timestamp NULL DEFAULT NULL,
  `VERSION_` int(11) DEFAULT NULL,
  `META_INFO_` varchar(4000) COLLATE utf8_bin DEFAULT NULL,
  `DEPLOYMENT_ID_` varchar(64) COLLATE utf8_bin DEFAULT NULL,
  `EDITOR_SOURCE_VALUE_ID_` varchar(64) COLLATE utf8_bin DEFAULT NULL,
  `EDITOR_SOURCE_EXTRA_VALUE_ID_` varchar(64) COLLATE utf8_bin DEFAULT NULL,
  `TENANT_ID_` varchar(255) COLLATE utf8_bin DEFAULT '',
  PRIMARY KEY (`ID_`)
) ENGINE=InnoDB DEFAULT CHARSET=utf8 COLLATE=utf8_bin;

-- ----------------------------
-- Records of act_re_model
-- ----------------------------

-- ----------------------------
-- Table structure for `act_re_procdef`
-- ----------------------------
DROP TABLE IF EXISTS `act_re_procdef`;
CREATE TABLE `act_re_procdef` (
  `ID_` varchar(64) COLLATE utf8_bin NOT NULL,
  `REV_` int(11) DEFAULT NULL,
  `CATEGORY_` varchar(255) COLLATE utf8_bin DEFAULT NULL,
  `NAME_` varchar(255) COLLATE utf8_bin DEFAULT NULL,
  `KEY_` varchar(255) COLLATE utf8_bin NOT NULL,
  `VERSION_` int(11) NOT NULL,
  `DEPLOYMENT_ID_` varchar(64) COLLATE utf8_bin DEFAULT NULL,
  `RESOURCE_NAME_` varchar(4000) COLLATE utf8_bin DEFAULT NULL,
  `DGRM_RESOURCE_NAME_` varchar(4000) COLLATE utf8_bin DEFAULT NULL,
  `DESCRIPTION_` varchar(4000) COLLATE utf8_bin DEFAULT NULL,
  `HAS_START_FORM_KEY_` tinyint(4) DEFAULT NULL,
  `HAS_GRAPHICAL_NOTATION_` tinyint(4) DEFAULT NULL,
  `SUSPENSION_STATE_` int(11) DEFAULT NULL,
  `TENANT_ID_` varchar(255) COLLATE utf8_bin DEFAULT '',
  PRIMARY KEY (`ID_`),
  UNIQUE KEY `ACT_UNIQ_PROCDEF` (`KEY_`,`VERSION_`,`TENANT_ID_`)
) ENGINE=InnoDB DEFAULT CHARSET=utf8 COLLATE=utf8_bin;

-- ----------------------------
-- Records of act_re_procdef
-- ----------------------------
INSERT INTO `act_re_procdef` VALUES
  ('auditing-process:1:62504', '1', 'http://www.activiti.org/testm1461830952315', NULL, 'auditing-process', '1',
                               '62501',
                               'D:\\IdeaWorkSpaces\\CRMS\\src\\main\\webapp\\WEB-INF\\classes\\auditing-process.bpmn',
                               'D:\\IdeaWorkSpaces\\CRMS\\src\\main\\webapp\\WEB-INF\\classes\\auditing-process.auditing-process.png',
                               NULL, '0', '1', '1', '');
INSERT INTO `act_re_procdef` VALUES
  ('auditing-process:2:67504', '1', 'http://www.activiti.org/testm1461830952315', NULL, 'auditing-process', '2',
                               '67501',
                               'D:\\IdeaWorkSpaces\\CRMS\\src\\main\\webapp\\WEB-INF\\classes\\auditing-process.bpmn',
                               'D:\\IdeaWorkSpaces\\CRMS\\src\\main\\webapp\\WEB-INF\\classes\\auditing-process.auditing-process.png',
                               NULL, '0', '1', '1', '');

-- ----------------------------
-- Table structure for `act_ru_event_subscr`
-- ----------------------------
DROP TABLE IF EXISTS `act_ru_event_subscr`;
CREATE TABLE `act_ru_event_subscr` (
  `ID_` varchar(64) COLLATE utf8_bin NOT NULL,
  `REV_` int(11) DEFAULT NULL,
  `EVENT_TYPE_` varchar(255) COLLATE utf8_bin NOT NULL,
  `EVENT_NAME_` varchar(255) COLLATE utf8_bin DEFAULT NULL,
  `EXECUTION_ID_` varchar(64) COLLATE utf8_bin DEFAULT NULL,
  `PROC_INST_ID_` varchar(64) COLLATE utf8_bin DEFAULT NULL,
  `ACTIVITY_ID_` varchar(64) COLLATE utf8_bin DEFAULT NULL,
  `CONFIGURATION_` varchar(255) COLLATE utf8_bin DEFAULT NULL,
  `CREATED_` timestamp NOT NULL DEFAULT CURRENT_TIMESTAMP,
  `PROC_DEF_ID_` varchar(64) COLLATE utf8_bin DEFAULT NULL,
  `TENANT_ID_` varchar(255) COLLATE utf8_bin DEFAULT '',
  PRIMARY KEY (`ID_`),
  KEY `ACT_IDX_EVENT_SUBSCR_CONFIG_` (`CONFIGURATION_`)
) ENGINE=InnoDB DEFAULT CHARSET=utf8 COLLATE=utf8_bin;

-- ----------------------------
-- Records of act_ru_event_subscr
-- ----------------------------

-- ----------------------------
-- Table structure for `act_ru_execution`
-- ----------------------------
DROP TABLE IF EXISTS `act_ru_execution`;
CREATE TABLE `act_ru_execution` (
  `ID_` varchar(64) COLLATE utf8_bin NOT NULL DEFAULT '',
  `REV_` int(11) DEFAULT NULL,
  `PROC_INST_ID_` varchar(64) COLLATE utf8_bin DEFAULT NULL,
  `BUSINESS_KEY_` varchar(255) COLLATE utf8_bin DEFAULT NULL,
  `PARENT_ID_` varchar(64) COLLATE utf8_bin DEFAULT NULL,
  `PROC_DEF_ID_` varchar(64) COLLATE utf8_bin DEFAULT NULL,
  `SUPER_EXEC_` varchar(64) COLLATE utf8_bin DEFAULT NULL,
  `ACT_ID_` varchar(255) COLLATE utf8_bin DEFAULT NULL,
  `IS_ACTIVE_` tinyint(4) DEFAULT NULL,
  `IS_CONCURRENT_` tinyint(4) DEFAULT NULL,
  `IS_SCOPE_` tinyint(4) DEFAULT NULL,
  `IS_EVENT_SCOPE_` tinyint(4) DEFAULT NULL,
  `SUSPENSION_STATE_` int(11) DEFAULT NULL,
  `CACHED_ENT_STATE_` int(11) DEFAULT NULL,
  `TENANT_ID_` varchar(255) COLLATE utf8_bin DEFAULT '',
  `NAME_` varchar(255) COLLATE utf8_bin DEFAULT NULL,
  `LOCK_TIME_` timestamp NULL DEFAULT NULL,
  PRIMARY KEY (`ID_`),
  KEY `ACT_IDX_EXEC_BUSKEY` (`BUSINESS_KEY_`)
) ENGINE=InnoDB DEFAULT CHARSET=utf8 COLLATE=utf8_bin;

-- ----------------------------
-- Records of act_ru_execution
-- ----------------------------
INSERT INTO `act_ru_execution` VALUES
  ('67595', '1', '67595', '4b3e2342-932c-4a33-bf2e-4fe814dabe61', NULL, 'auditing-process:2:67504', NULL, 'firstverify',
            '1', '0', '1', '0', '1', '2', '', NULL, NULL);

-- ----------------------------
-- Table structure for `act_ru_identitylink`
-- ----------------------------
DROP TABLE IF EXISTS `act_ru_identitylink`;
CREATE TABLE `act_ru_identitylink` (
  `ID_` varchar(64) COLLATE utf8_bin NOT NULL DEFAULT '',
  `REV_` int(11) DEFAULT NULL,
  `GROUP_ID_` varchar(255) COLLATE utf8_bin DEFAULT NULL,
  `TYPE_` varchar(255) COLLATE utf8_bin DEFAULT NULL,
  `USER_ID_` varchar(255) COLLATE utf8_bin DEFAULT NULL,
  `TASK_ID_` varchar(64) COLLATE utf8_bin DEFAULT NULL,
  `PROC_INST_ID_` varchar(64) COLLATE utf8_bin DEFAULT NULL,
  `PROC_DEF_ID_` varchar(64) COLLATE utf8_bin DEFAULT NULL,
  PRIMARY KEY (`ID_`),
  KEY `ACT_IDX_IDENT_LNK_USER` (`USER_ID_`),
  KEY `ACT_IDX_IDENT_LNK_GROUP` (`GROUP_ID_`),
  KEY `ACT_IDX_ATHRZ_PROCEDEF` (`PROC_DEF_ID_`)
) ENGINE=InnoDB DEFAULT CHARSET=utf8 COLLATE=utf8_bin;

-- ----------------------------
-- Records of act_ru_identitylink
-- ----------------------------
INSERT INTO `act_ru_identitylink` VALUES ('67597', '1', NULL, 'starter', '30', NULL, '67595', NULL);
INSERT INTO `act_ru_identitylink` VALUES ('67601', '1', NULL, 'candidate', '26', '67600', NULL, NULL);
INSERT INTO `act_ru_identitylink` VALUES ('67602', '1', NULL, 'participant', '26', NULL, '67595', NULL);
INSERT INTO `act_ru_identitylink` VALUES ('67603', '1', NULL, 'candidate', '27', '67600', NULL, NULL);
INSERT INTO `act_ru_identitylink` VALUES ('67604', '1', NULL, 'participant', '27', NULL, '67595', NULL);

-- ----------------------------
-- Table structure for `act_ru_job`
-- ----------------------------
DROP TABLE IF EXISTS `act_ru_job`;
CREATE TABLE `act_ru_job` (
  `ID_` varchar(64) COLLATE utf8_bin NOT NULL,
  `REV_` int(11) DEFAULT NULL,
  `TYPE_` varchar(255) COLLATE utf8_bin NOT NULL,
  `LOCK_EXP_TIME_` timestamp NULL DEFAULT NULL,
  `LOCK_OWNER_` varchar(255) COLLATE utf8_bin DEFAULT NULL,
  `EXCLUSIVE_` tinyint(1) DEFAULT NULL,
  `EXECUTION_ID_` varchar(64) COLLATE utf8_bin DEFAULT NULL,
  `PROCESS_INSTANCE_ID_` varchar(64) COLLATE utf8_bin DEFAULT NULL,
  `PROC_DEF_ID_` varchar(64) COLLATE utf8_bin DEFAULT NULL,
  `RETRIES_` int(11) DEFAULT NULL,
  `EXCEPTION_STACK_ID_` varchar(64) COLLATE utf8_bin DEFAULT NULL,
  `EXCEPTION_MSG_` varchar(4000) COLLATE utf8_bin DEFAULT NULL,
  `DUEDATE_` timestamp NULL DEFAULT NULL,
  `REPEAT_` varchar(255) COLLATE utf8_bin DEFAULT NULL,
  `HANDLER_TYPE_` varchar(255) COLLATE utf8_bin DEFAULT NULL,
  `HANDLER_CFG_` varchar(4000) COLLATE utf8_bin DEFAULT NULL,
  `TENANT_ID_` varchar(255) COLLATE utf8_bin DEFAULT '',
  PRIMARY KEY (`ID_`)
) ENGINE=InnoDB DEFAULT CHARSET=utf8 COLLATE=utf8_bin;

-- ----------------------------
-- Records of act_ru_job
-- ----------------------------

-- ----------------------------
-- Table structure for `act_ru_task`
-- ----------------------------
DROP TABLE IF EXISTS `act_ru_task`;
CREATE TABLE `act_ru_task` (
  `ID_`               varchar(64) COLLATE utf8_bin NOT NULL DEFAULT '',
  `REV_`              int(11)                               DEFAULT NULL,
  `EXECUTION_ID_`     varchar(64) COLLATE utf8_bin          DEFAULT NULL,
  `PROC_INST_ID_`     varchar(64) COLLATE utf8_bin          DEFAULT NULL,
  `PROC_DEF_ID_`      varchar(64) COLLATE utf8_bin          DEFAULT NULL,
  `NAME_`             varchar(255) COLLATE utf8_bin         DEFAULT NULL,
  `PARENT_TASK_ID_`   varchar(64) COLLATE utf8_bin          DEFAULT NULL,
  `DESCRIPTION_`      varchar(4000) COLLATE utf8_bin        DEFAULT NULL,
  `TASK_DEF_KEY_`     varchar(255) COLLATE utf8_bin         DEFAULT NULL,
  `OWNER_`            varchar(255) COLLATE utf8_bin         DEFAULT NULL,
  `ASSIGNEE_`         varchar(255) COLLATE utf8_bin         DEFAULT NULL,
  `DELEGATION_`       varchar(64) COLLATE utf8_bin          DEFAULT NULL,
  `PRIORITY_`         int(11)                               DEFAULT NULL,
  `CREATE_TIME_`      TIMESTAMP                    NULL     DEFAULT NULL,
  `DUE_DATE_`         datetime                              DEFAULT NULL,
  `CATEGORY_`         varchar(255) COLLATE utf8_bin         DEFAULT NULL,
  `SUSPENSION_STATE_` int(11)                               DEFAULT NULL,
  `TENANT_ID_`        varchar(255) COLLATE utf8_bin         DEFAULT '',
  `FORM_KEY_`         varchar(255) COLLATE utf8_bin         DEFAULT NULL,
  PRIMARY KEY (`ID_`),
  KEY `ACT_IDX_TASK_CREATE` (`CREATE_TIME_`)
) ENGINE=InnoDB DEFAULT CHARSET=utf8 COLLATE=utf8_bin;

-- ----------------------------
-- Records of act_ru_task
-- ----------------------------
INSERT INTO `act_ru_task` VALUES
  ('67600', '2', '67595', '67595', 'auditing-process:2:67504', '', NULL, NULL, 'firstverify', NULL, '26', NULL,
   '50', '2016-06-04 01:02:14', NULL, NULL, '1', '', NULL);

-- ----------------------------
-- Table structure for `act_ru_variable`
-- ----------------------------
DROP TABLE IF EXISTS `act_ru_variable`;
CREATE TABLE `act_ru_variable` (
  `ID_` varchar(64) COLLATE utf8_bin NOT NULL,
  `REV_` int(11) DEFAULT NULL,
  `TYPE_` varchar(255) COLLATE utf8_bin NOT NULL,
  `NAME_` varchar(255) COLLATE utf8_bin NOT NULL,
  `EXECUTION_ID_` varchar(64) COLLATE utf8_bin DEFAULT NULL,
  `PROC_INST_ID_` varchar(64) COLLATE utf8_bin DEFAULT NULL,
  `TASK_ID_` varchar(64) COLLATE utf8_bin DEFAULT NULL,
  `BYTEARRAY_ID_` varchar(64) COLLATE utf8_bin DEFAULT NULL,
  `DOUBLE_` double DEFAULT NULL,
  `LONG_` bigint(20) DEFAULT NULL,
  `TEXT_` varchar(4000) COLLATE utf8_bin DEFAULT NULL,
  `TEXT2_` varchar(4000) COLLATE utf8_bin DEFAULT NULL,
  PRIMARY KEY (`ID_`),
  KEY `ACT_IDX_VARIABLE_TASK_ID` (`TASK_ID_`)
) ENGINE=InnoDB DEFAULT CHARSET=utf8 COLLATE=utf8_bin;

-- ----------------------------
-- Records of act_ru_variable
-- ----------------------------
INSERT INTO `act_ru_variable`
VALUES ('67596', '1', 'string', 'applyuserId', '67595', '67595', NULL, NULL, NULL, NULL, '30', NULL);

-- ----------------------------
-- Table structure for `cloudfile`
-- ----------------------------
DROP TABLE IF EXISTS `cloudfile`;
CREATE TABLE `cloudfile` (
  `file_id`       bigint(20) NOT NULL AUTO_INCREMENT,
  `file_name`     varchar(255)        DEFAULT NULL,
  `file_url`      varchar(255)        DEFAULT NULL,
  `file_date`     datetime            DEFAULT NULL,
  `file_type`     VARCHAR(20)         DEFAULT NULL,
  `file_size`     VARCHAR(20)         DEFAULT NULL,
  `file_descript` varchar(1024)       DEFAULT NULL,
  `file_state`    tinyint(4)          DEFAULT NULL,
  `share_state`   TINYINT(4)          DEFAULT '0',
  `instanceId`    varchar(20)         DEFAULT NULL,
  `bussinessKey`  varchar(200)        DEFAULT NULL,
  PRIMARY KEY (`file_id`),
  KEY `bussinessKey` (`bussinessKey`)
)
  ENGINE = InnoDB
  AUTO_INCREMENT = 45
  DEFAULT CHARSET = utf8;

-- ----------------------------
-- Records of cloudfile
-- ----------------------------
INSERT INTO `cloudfile` VALUES
  ('41', '2016', 'o_1akbdi89e151h2pc12nq1uq1qn1b.doc', '2016-06-03 23:50:24', 'doc', '34.8 KB',
         'change', '2', '0', '67505', 'e8cbf364-5513-43b1-93b5-a671bc084e18');
INSERT INTO `cloudfile` VALUES
  ('42', '23', 'o_1akbdqcvm3vh1dgcn9l1ofemmr9.doc', '2016-06-04 00:29:54', 'doc', '31.2 KB', 'change6', '2',
         '0', '67515', 'fe23df27-94bc-47f7-8b52-2076c42ab668');
INSERT INTO `cloudfile` VALUES
  ('43', '1', 'o_1akbj5lg41kqg18m51mgv163esqm9.jpg', '2016-06-04 00:57:56', 'jpg', '5.50 KB', '2', '2', '0',
         '67574', '04ca4aa2-f344-4a18-9459-4eca6d2ecc0a');
INSERT INTO `cloudfile` VALUES
  ('44', '2', 'o_1akbjdcko19du33puul1vbm1net9.jpg', '2016-06-04 01:02:14', 'jpg', '8.02 KB', '2', '1', '0',
         '67595', '4b3e2342-932c-4a33-bf2e-4fe814dabe61');

-- ----------------------------
-- Table structure for `menu`
-- ----------------------------
DROP TABLE IF EXISTS `menu`;
CREATE TABLE `menu` (
  `menu_id` bigint(20) NOT NULL AUTO_INCREMENT,
  `pid` bigint(20) DEFAULT NULL,
  `menu_name` varchar(255) DEFAULT NULL,
  `menu_url` varchar(255) DEFAULT NULL,
  `menu_type` tinyint(4) DEFAULT NULL,
  PRIMARY KEY (`menu_id`),
  KEY `FK_menu_ps` (`pid`)
)
  ENGINE = InnoDB
  AUTO_INCREMENT = 11
  DEFAULT CHARSET = utf8;

-- ----------------------------
-- Records of menu
-- ----------------------------
INSERT INTO `menu` VALUES ('1', '1', '', '/user/list.htm', NULL);
INSERT INTO `menu` VALUES ('2', '2', '', '/role/list.htm', NULL);
INSERT INTO `menu` VALUES ('3', '3', '', '/filec/listFile.htm', NULL);
INSERT INTO `menu` VALUES ('4', '4', '', '/filec/gotoFileLib.htm', NULL);
INSERT INTO `menu` VALUES ('5', '5', '', '/task/listMyFile.htm', NULL);
INSERT INTO `menu` VALUES ('6', '6', '', '/task/taskList.htm?taskState=0', NULL);
INSERT INTO `menu` VALUES ('7', '6', '', '/task/taskList.htm', NULL);
INSERT INTO `menu` VALUES ('8', '6', '', '/task/taskList.htm', NULL);
INSERT INTO `menu` VALUES ('9', '6', '', '/task/showHistroicTask.htm', NULL);
INSERT INTO `menu` VALUES ('10', '6', '', '/task/showAllRunningTasks.htm', NULL);

-- ----------------------------
-- Table structure for `operation`
-- ----------------------------
DROP TABLE IF EXISTS `operation`;
CREATE TABLE `operation` (
  `operation_id` bigint(20) NOT NULL AUTO_INCREMENT,
  `fun_name` varchar(255) NOT NULL,
  `action` varchar(255) DEFAULT NULL,
  `fun` varchar(255) DEFAULT NULL,
  `pid` bigint(20) NOT NULL,
  PRIMARY KEY (`operation_id`)
)
  ENGINE = InnoDB
  AUTO_INCREMENT = 28
  DEFAULT CHARSET = utf8;

-- ----------------------------
-- Records of operation
-- ----------------------------
INSERT INTO `operation` VALUES ('1', '', 'url.htm', '', '0');
INSERT INTO `operation` VALUES ('2', '', '/user/preinsert.htm', '', '1');
INSERT INTO `operation` VALUES ('3', '', '/user/preUpdate.htm', '', '1');
INSERT INTO `operation` VALUES ('4', '', '/user/delete.htm', '', '1');
INSERT INTO `operation` VALUES ('5', '', '/user/defriend.htm', '', '1');
INSERT INTO `operation` VALUES ('6', '', '/user/removeBlack.htm', '', '1');
INSERT INTO `operation` VALUES ('7', '', '', '', '0');
INSERT INTO `operation` VALUES ('8', '', '/role/preinsert.htm', '', '7');
INSERT INTO `operation` VALUES ('9', '', '/role/delete.htm', '', '7');
INSERT INTO `operation` VALUES ('10', '', '/role/preUpdateOper.htm', '', '7');
INSERT INTO `operation` VALUES ('11', '', '/role/list.htm', '', '7');
INSERT INTO `operation` VALUES ('12', '', '/role/preUpdate.htm', '', '7');
INSERT INTO `operation` VALUES ('13', '', '', NULL, '0');
INSERT INTO `operation` VALUES ('15', '', '/filec/delFiles.htm', '', '13');
INSERT INTO `operation` VALUES ('25', '', '/user/list.htm', '', '1');
INSERT INTO `operation` VALUES ('26', '', '/filec/listFile.htm', '', '13');
INSERT INTO `operation` VALUES ('27', '', '/filec/preUpdate.htm', '', '13');

-- ----------------------------
-- Table structure for `role`
-- ----------------------------
DROP TABLE IF EXISTS `role`;
CREATE TABLE `role` (
  `role_id` bigint(20) NOT NULL AUTO_INCREMENT,
  `role_name` varchar(30) NOT NULL,
  `role_descript` varchar(512) DEFAULT NULL,
  PRIMARY KEY (`role_id`)
)
  ENGINE = InnoDB
  AUTO_INCREMENT = 25
  DEFAULT CHARSET = utf8;

-- ----------------------------
-- Records of role
-- ----------------------------
INSERT INTO `role` VALUES ('1', '', '');
INSERT INTO `role` VALUES ('4', '', '');
INSERT INTO `role` VALUES ('5', '', '');
INSERT INTO `role` VALUES ('8', 'firstassessor', '');
INSERT INTO `role` VALUES ('9', 'secondassessor', '');
INSERT INTO `role` VALUES ('24', 'hello', '123');

-- ----------------------------
-- Table structure for `role_menu`
-- ----------------------------
DROP TABLE IF EXISTS `role_menu`;
CREATE TABLE `role_menu` (
  `menu_id` bigint(20) NOT NULL,
  `role_id` bigint(20) NOT NULL,
  PRIMARY KEY (`menu_id`,`role_id`),
  KEY `FK_role_menu2` (`role_id`),
  CONSTRAINT `FK_role_menu` FOREIGN KEY (`menu_id`) REFERENCES `menu` (`menu_id`),
  CONSTRAINT `FK_role_menu2` FOREIGN KEY (`role_id`) REFERENCES `role` (`role_id`)
) ENGINE=InnoDB DEFAULT CHARSET=utf8;

-- ----------------------------
-- Records of role_menu
-- ----------------------------
INSERT INTO `role_menu` VALUES ('1', '1');
INSERT INTO `role_menu` VALUES ('2', '1');
INSERT INTO `role_menu` VALUES ('4', '1');
INSERT INTO `role_menu` VALUES ('6', '1');
INSERT INTO `role_menu` VALUES ('10', '1');
INSERT INTO `role_menu` VALUES ('3', '4');
INSERT INTO `role_menu` VALUES ('4', '4');
INSERT INTO `role_menu` VALUES ('5', '4');
INSERT INTO `role_menu` VALUES ('4', '5');
INSERT INTO `role_menu` VALUES ('5', '5');
INSERT INTO `role_menu` VALUES ('4', '8');
INSERT INTO `role_menu` VALUES ('6', '8');
INSERT INTO `role_menu` VALUES ('7', '8');
INSERT INTO `role_menu` VALUES ('8', '8');
INSERT INTO `role_menu` VALUES ('9', '8');
INSERT INTO `role_menu` VALUES ('4', '9');
INSERT INTO `role_menu` VALUES ('6', '9');
INSERT INTO `role_menu` VALUES ('7', '9');
INSERT INTO `role_menu` VALUES ('8', '9');
INSERT INTO `role_menu` VALUES ('9', '9');
INSERT INTO `role_menu` VALUES ('3', '24');

-- ----------------------------
-- Table structure for `role_operation`
-- ----------------------------
DROP TABLE IF EXISTS `role_operation`;
CREATE TABLE `role_operation` (
  `operation_id` bigint(20) NOT NULL,
  `role_id` bigint(20) NOT NULL,
  PRIMARY KEY (`operation_id`,`role_id`),
  KEY `FK_role_operation2` (`role_id`),
  CONSTRAINT `FK_role` FOREIGN KEY (`operation_id`) REFERENCES `operation` (`operation_id`),
  CONSTRAINT `FK_role_operation` FOREIGN KEY (`role_id`) REFERENCES `role` (`role_id`)
) ENGINE=InnoDB DEFAULT CHARSET=utf8;

-- ----------------------------
-- Records of role_operation
-- ----------------------------
INSERT INTO `role_operation` VALUES ('1', '1');
INSERT INTO `role_operation` VALUES ('2', '1');
INSERT INTO `role_operation` VALUES ('4', '1');
INSERT INTO `role_operation` VALUES ('6', '1');
INSERT INTO `role_operation` VALUES ('7', '1');
INSERT INTO `role_operation` VALUES ('8', '1');
INSERT INTO `role_operation` VALUES ('9', '1');
INSERT INTO `role_operation` VALUES ('10', '1');
INSERT INTO `role_operation` VALUES ('11', '1');
INSERT INTO `role_operation` VALUES ('12', '1');
INSERT INTO `role_operation` VALUES ('25', '1');
INSERT INTO `role_operation` VALUES ('13', '4');
INSERT INTO `role_operation` VALUES ('15', '4');
INSERT INTO `role_operation` VALUES ('26', '4');
INSERT INTO `role_operation` VALUES ('27', '4');
INSERT INTO `role_operation` VALUES ('13', '24');
INSERT INTO `role_operation` VALUES ('15', '24');
INSERT INTO `role_operation` VALUES ('26', '24');
INSERT INTO `role_operation` VALUES ('27', '24');

-- ----------------------------
-- Table structure for `user`
-- ----------------------------
DROP TABLE IF EXISTS `user`;
CREATE TABLE `user` (
  `user_id`       bigint(20) NOT NULL AUTO_INCREMENT,
  `role_id`       bigint(20)          DEFAULT NULL,
  `username`      varchar(20) NOT NULL,
  `password`      varchar(255) NOT NULL,
  `user_descript` varchar(512)        DEFAULT NULL,
  `user_state`    tinyint(4)          DEFAULT NULL,
  `user_email`    varchar(255)        DEFAULT NULL,
  `activated`     tinyint(1)          DEFAULT NULL,
  `email_key`     varchar(512)        DEFAULT NULL,
  `out_date`      datetime            DEFAULT NULL,
  `img_url`       VARCHAR(255)        DEFAULT NULL,
  `tel_phone`     BIGINT(20)          DEFAULT NULL,
  PRIMARY KEY (`user_id`),
  KEY `FK_user_role` (`role_id`),
  CONSTRAINT `FK_user_role` FOREIGN KEY (`role_id`) REFERENCES `role` (`role_id`)
)
  ENGINE = InnoDB
  AUTO_INCREMENT = 38
  DEFAULT CHARSET = utf8;

-- ----------------------------
-- Records of user
-- ----------------------------
INSERT INTO `user` VALUES
  ('1', '1', 'admin', '21232f297a57a5a743894a0e4a801fc3', '', '0', '913545243@qq.com', '1',
        'c39b6f02eaabfed68b21411af15395b6', '2016-06-03 11:45:48', '/upload/u=266158537,114847377&fm=116&gp=0.jpg',
   '13512312343');
INSERT INTO `user`
VALUES ('23', '4', 'manager1', '202cb962ac59075b964b07152d234b70', '1', '0', NULL, NULL, NULL, NULL, NULL, NULL);
INSERT INTO `user`
VALUES ('24', '4', 'manager2', '202cb962ac59075b964b07152d234b70', '2', '0', NULL, NULL, NULL, NULL, NULL, NULL);
INSERT INTO `user` VALUES
  ('26', '8', 'firass1', '202cb962ac59075b964b07152d234b70', '1', '0', NULL, NULL, NULL, NULL,
         '/upload/u=205482125,2672551058&fm=116&gp=0.jpg', '13763031003');
INSERT INTO `user`
VALUES ('27', '8', 'firass2', '202cb962ac59075b964b07152d234b70', '2', '0', NULL, NULL, NULL, NULL, NULL, NULL);
INSERT INTO `user`
VALUES ('28', '9', 'secass1', '202cb962ac59075b964b07152d234b70', '1', '0', NULL, NULL, NULL, NULL, NULL, NULL);
INSERT INTO `user`
VALUES ('29', '9', 'secass2', '202cb962ac59075b964b07152d234b70', '2', '0', NULL, NULL, NULL, NULL, NULL, NULL);
INSERT INTO `user` VALUES
  ('30', '5', 'user1', '81dc9bdb52d04dc20036dbd8313ed055', '1', '0', '297277052@qq.com', '1',
         '35a1eb03955f7691b341a99005e2d43c', '2016-06-03 18:58:03', '/upload/u=205482125,2672551058&fm=116&gp=0.jpg',
   '13824829202');
INSERT INTO `user` VALUES ('31', '5', 'user2', '202cb962ac59075b964b07152d234b70', '', '0', NULL, NULL, NULL, NULL,
                                 '/upload/u=266158537,114847377&fm=116&gp=0.jpg', '13763031002');
INSERT INTO `user`
VALUES ('35', '1', '123', '202cb962ac59075b964b07152d234b70', '123', '0', NULL, NULL, NULL, NULL, NULL, NULL);
INSERT INTO `user`
VALUES ('37', '24', 'hello', '202cb962ac59075b964b07152d234b70', '123', '0', NULL, NULL, NULL, NULL, NULL, NULL);

-- ----------------------------
-- Table structure for `user_file`
-- ----------------------------
DROP TABLE IF EXISTS `user_file`;
CREATE TABLE `user_file` (
  `id` bigint(20) NOT NULL AUTO_INCREMENT,
  `user_id` bigint(20) NOT NULL,
  `bussinessKey` varchar(200) NOT NULL,
  PRIMARY KEY (`id`),
  KEY `FK_user_file2` (`user_id`),
  KEY `FK_user_file` (`bussinessKey`),
  CONSTRAINT `FK_user_file` FOREIGN KEY (`bussinessKey`) REFERENCES `cloudfile` (`bussinessKey`) ON DELETE CASCADE ON UPDATE CASCADE,
  CONSTRAINT `FK_user_file2` FOREIGN KEY (`user_id`) REFERENCES `user` (`user_id`) ON DELETE CASCADE ON UPDATE CASCADE
)
  ENGINE = InnoDB
  AUTO_INCREMENT = 40
  DEFAULT CHARSET = utf8;

-- ----------------------------
-- Records of user_file
-- ----------------------------
INSERT INTO `user_file` VALUES ('36', '30', 'e8cbf364-5513-43b1-93b5-a671bc084e18');
INSERT INTO `user_file` VALUES ('37', '31', 'fe23df27-94bc-47f7-8b52-2076c42ab668');
INSERT INTO `user_file` VALUES ('38', '30', '04ca4aa2-f344-4a18-9459-4eca6d2ecc0a');
INSERT INTO `user_file` VALUES ('39', '30', '4b3e2342-932c-4a33-bf2e-4fe814dabe61');
